<article xmlns:xsi="http://www.w3.org/2001/XMLSchema-instance"
         xmlns:xlink="http://www.w3.org/1999/xlink"
         xmlns:mml="http://www.w3.org/1998/Math/MathML"
         dtd-version="1.0"
         article-type="research-article">
   <front>
      <journal-meta>
         <journal-id journal-id-type="jstor">popularmusic</journal-id>
         <journal-id journal-id-type="jstor">j100590</journal-id>
         <journal-title-group>
            <journal-title>Popular Music</journal-title>
         </journal-title-group>
         <publisher>
            <publisher-name>Cambridge University Press</publisher-name>
         </publisher>
         <issn pub-type="ppub">02611430</issn>
         <issn pub-type="epub">14740095</issn>
      </journal-meta>
      <article-meta>
         <article-id pub-id-type="jstor">3877612</article-id>
         <article-categories>
            <subj-group>
               <subject>Middle Eight</subject>
            </subj-group>
         </article-categories>
         <title-group>
            <article-title>Is 'World Music' the 'Classic Music' of Our Time?</article-title>
         </title-group>
         <contrib-group>
            <contrib contrib-type="author">
               <string-name>
                  <given-names>Jan</given-names>
                  <surname>Ling</surname>
               </string-name>
            </contrib>
         </contrib-group>
         <pub-date>
            <day>1</day>
            <month>5</month>
            <year>2003</year>
         </pub-date>
         <volume>22</volume>
         <issue>2</issue>
         <issue-id>i371781</issue-id>
         <fpage>235</fpage>
         <lpage>240</lpage>
         <page-range>235-240</page-range>
         <permissions>
            <copyright-statement>Copyright 2003 Cambridge University Press</copyright-statement>
         </permissions>
         <self-uri xlink:href="http://www.jstor.org/stable/3877612"/>
         <custom-meta-group>
            <custom-meta>
               <meta-name>lang</meta-name>
               <meta-value>eng</meta-value>
            </custom-meta>
         </custom-meta-group>
      </article-meta>
   </front>
   <back>
      <ref-list>
         <title>Endnote</title>
         <ref id="d904e124a1310">
            <label>1</label>
            <mixed-citation id="d904e133" publication-type="book">
Leonard
G. Ratner, Classic Music, Expression, Form, and
Style. 1980 (Schirmer Books, a division of Mac-
millan Publishing Co. Inc)<person-group>
                  <string-name>
                     <surname>Ratner</surname>
                  </string-name>
               </person-group>
               <source>Classic Music, Expression, Form, and Style</source>
               <year>1980</year>
            </mixed-citation>
         </ref>
      </ref-list>
      <ref-list>
         <title>References</title>
         <ref id="d904e174a1310">
            <mixed-citation id="d904e178" publication-type="book">
Burney, C. 1989. A General History of Music from the Earliest Ages to the Present Period, vol. I, second edition
(London)<person-group>
                  <string-name>
                     <surname>Burney</surname>
                  </string-name>
               </person-group>
               <edition>2</edition>
               <volume>I</volume>
               <source>A General History of Music from the Earliest Ages to the Present Period</source>
               <year>1989</year>
            </mixed-citation>
         </ref>
         <ref id="d904e210a1310">
            <mixed-citation id="d904e214" publication-type="other">
Dahlhaus, C. 1985. 'Haydn, Mozart und der Begriff der Wiener Klassik', Neues Handbuch der Musikwissen-
schaft herausgeben von Carl Dahlhaus, Band 5: Die Musik des 18. Jahrhunderts. Carl Dahhaus (Hg.)
(Wiesbaden), pp. 232-9</mixed-citation>
         </ref>
         <ref id="d904e227a1310">
            <mixed-citation id="d904e231" publication-type="other">
Fock, E. 2000. Mon farven har en anden lyd? Streiftog i 90ernes musikliv og ungdomskultuur i Danmark
(Copenhagen)</mixed-citation>
         </ref>
         <ref id="d904e241a1310">
            <mixed-citation id="d904e245" publication-type="book">
Frith, S. 2000. 'The discourse of world music', in Western Music and its Others. Difference, Representation
and Appropriation in Music, ed. G. Born and D. Hesmondhalgh (Los Angeles, London: Berkeley)<person-group>
                  <string-name>
                     <surname>Frith</surname>
                  </string-name>
               </person-group>
               <comment content-type="section">The discourse of world music</comment>
               <source>Western Music and its Others. Difference, Representation and Appropriation in Music</source>
               <year>2000</year>
            </mixed-citation>
         </ref>
         <ref id="d904e275a1310">
            <mixed-citation id="d904e279" publication-type="other">
Hjärpe, J. 2003. Entangled Music (in press, next issue of Orientala Suecana)</mixed-citation>
         </ref>
         <ref id="d904e286a1310">
            <mixed-citation id="d904e290" publication-type="other">
Ratner, L.G. 1980. Classic Music. Expression, Form, and Style (New York)</mixed-citation>
         </ref>
         <ref id="d904e297a1310">
            <mixed-citation id="d904e301" publication-type="compound">
Rice, T. 2000. 'World music in Europe', in The Garland Encyclopedia of Music, volume 'Europe', ed. T.
Rice, J. Proter and C. Goertzen (New York and London). Garland Reference Library of the Humanities,
Volume 1169, pp. 224-30</mixed-citation>
         </ref>
         <ref id="d904e314a1310">
            <mixed-citation id="d904e318" publication-type="other">
Rushdie, S. 1999. The Ground Beneath her Feet (London)</mixed-citation>
         </ref>
      </ref-list>
   </back>
</article>
