<article xmlns:xsi="http://www.w3.org/2001/XMLSchema-instance"
         xmlns:xlink="http://www.w3.org/1999/xlink"
         xmlns:mml="http://www.w3.org/1998/Math/MathML"
         dtd-version="1.0"
         article-type="research-article">
   <front>
      <journal-meta>
         <journal-id journal-id-type="jstor">popularmusic</journal-id>
         <journal-id journal-id-type="jstor">j100590</journal-id>
         <journal-title-group>
            <journal-title>Popular Music</journal-title>
         </journal-title-group>
         <publisher>
            <publisher-name>Cambridge University Press</publisher-name>
         </publisher>
         <issn pub-type="ppub">02611430</issn>
         <issn pub-type="epub">14740095</issn>
      </journal-meta>
      <article-meta>
         <article-id pub-id-type="jstor">3877650</article-id>
         <article-categories>
            <subj-group>
               <subject>Middle Eight</subject>
            </subj-group>
         </article-categories>
         <title-group>
            <article-title>To Be or Not to Bop: Jack Kerouac's "On the Road" and the Culture of Bebop and Rhythm 'n' Blues</article-title>
         </title-group>
         <contrib-group>
            <contrib contrib-type="author">
               <string-name>
                  <given-names>David</given-names>
                  <surname>Hopkins</surname>
               </string-name>
            </contrib>
         </contrib-group>
         <pub-date>
            <day>1</day>
            <month>5</month>
            <year>2005</year>
         </pub-date>
         <volume>24</volume>
         <issue>2</issue>
         <issue-id>i371787</issue-id>
         <fpage>279</fpage>
         <lpage>286</lpage>
         <page-range>279-286</page-range>
         <permissions>
            <copyright-statement>Copyright 2005 Cambridge University Press</copyright-statement>
         </permissions>
         <self-uri xlink:href="http://www.jstor.org/stable/3877650"/>
         <custom-meta-group>
            <custom-meta>
               <meta-name>lang</meta-name>
               <meta-value>eng</meta-value>
            </custom-meta>
         </custom-meta-group>
      </article-meta>
   </front>
   <back>
      <ref-list>
         <title>Endnotes</title>
         <ref id="d3720e124a1310">
            <label>1</label>
            <mixed-citation id="d3720e131" publication-type="other">
Abel (2002)</mixed-citation>
            <mixed-citation id="d3720e137" publication-type="other">
Malcolm (1999)</mixed-citation>
            <mixed-citation id="d3720e143" publication-type="other">
Dickstein (2002)</mixed-citation>
            <mixed-citation id="d3720e150" publication-type="other">
Lhanon Jr (2002)</mixed-citation>
         </ref>
         <ref id="d3720e157a1310">
            <label>2</label>
            <mixed-citation id="d3720e164" publication-type="other">
Jones (1999)</mixed-citation>
         </ref>
      </ref-list>
      <ref-list>
         <title>References</title>
         <ref id="d3720e180a1310">
            <mixed-citation id="d3720e184" publication-type="journal">
Abel, M. 2002. 'Speeding across the rhizome: Deleuze meets Kerouac on the road', Modern Fiction Studies,
48/1, pp. 227-58<person-group>
                  <string-name>
                     <surname>Abel</surname>
                  </string-name>
               </person-group>
               <issue>1</issue>
               <fpage>227</fpage>
               <volume>48</volume>
               <source>Modern Fiction Studies</source>
               <year>2002</year>
            </mixed-citation>
         </ref>
         <ref id="d3720e219a1310">
            <mixed-citation id="d3720e223" publication-type="book">
Dickstein, M. 2002. Leopards in the Temple: the Transformation of American Fiction, 1945-1970 (Cambridge,
MA: Harvard University Press)<person-group>
                  <string-name>
                     <surname>Dickstein</surname>
                  </string-name>
               </person-group>
               <source>Leopards in the Temple: the Transformation of American Fiction, 1945-1970</source>
               <year>2002</year>
            </mixed-citation>
         </ref>
         <ref id="d3720e248a1310">
            <mixed-citation id="d3720e252" publication-type="book">
Jones, L. 1999. Blues People: Negro Music in White America (New York, Quill)<person-group>
                  <string-name>
                     <surname>Jones</surname>
                  </string-name>
               </person-group>
               <source>Blues People: Negro Music in White America</source>
               <year>1999</year>
            </mixed-citation>
         </ref>
         <ref id="d3720e274a1310">
            <mixed-citation id="d3720e278" publication-type="book">
Kerouac, J. 1957. On The Road (New York, Viking)<person-group>
                  <string-name>
                     <surname>Kerouac</surname>
                  </string-name>
               </person-group>
               <source>On The Road</source>
               <year>1957</year>
            </mixed-citation>
            <mixed-citation id="d3720e299" publication-type="book">
(ed.) 1993. Visions of Cody (New York, Penguin)<person-group>
                  <string-name>
                     <surname>Kerouac</surname>
                  </string-name>
               </person-group>
               <source>Visions of Cody</source>
               <year>1993</year>
            </mixed-citation>
         </ref>
         <ref id="d3720e322a1310">
            <mixed-citation id="d3720e326" publication-type="book">
Lhanon, Jr, W.T. 2002. Deliberate Speed: the Origins of a Cultural Style in the American 1950s (Cambridge, MA,
Harvard University Press)<person-group>
                  <string-name>
                     <surname>Lhanon</surname>
                  </string-name>
               </person-group>
               <source>Deliberate Speed: the Origins of a Cultural Style in the American 1950s</source>
               <year>2002</year>
            </mixed-citation>
         </ref>
         <ref id="d3720e351a1310">
            <mixed-citation id="d3720e355" publication-type="journal">
Malcolm, D. 1999. ' "Jazz America": jazz and African American culture in Jack Kerouac's On The Road',
Contemporary Literature, 40/1, pp. 85-110<object-id pub-id-type="doi">10.2307/1208820</object-id>
               <fpage>85</fpage>
            </mixed-citation>
         </ref>
         <ref id="d3720e371a1310">
            <mixed-citation id="d3720e375" publication-type="journal">
Duke Ellington, 'Overture to a Jam Session', Complete Studio Transcriptions. Disconforme, DRCD11199.2001<person-group>
                  <string-name>
                     <surname>Ellington</surname>
                  </string-name>
               </person-group>
               <source>Complete Studio Transcriptions</source>
               <year>2001</year>
            </mixed-citation>
         </ref>
         <ref id="d3720e397a1310">
            <mixed-citation id="d3720e401" publication-type="journal">
Slim Gaillard, 'Cement Mixer'. Cadet, CR201.1946<person-group>
                  <string-name>
                     <surname>Gaillard</surname>
                  </string-name>
               </person-group>
               <source>Cadet</source>
               <year>1946</year>
            </mixed-citation>
         </ref>
         <ref id="d3720e423a1310">
            <mixed-citation id="d3720e427" publication-type="journal">
Dexter Gordon, 'The Hunt'. Bop Features, 101.1947<person-group>
                  <string-name>
                     <surname>Gordon</surname>
                  </string-name>
               </person-group>
               <source>Bop Features</source>
               <year>1947</year>
            </mixed-citation>
         </ref>
         <ref id="d3720e449a1310">
            <mixed-citation id="d3720e453" publication-type="journal">
Lionel Hampton, 'Hey! Ba-Ba-Re-Bop'. Decca, 18754.1946<person-group>
                  <string-name>
                     <surname>Hampton</surname>
                  </string-name>
               </person-group>
               <source>Decca</source>
               <year>1946</year>
            </mixed-citation>
            <mixed-citation id="d3720e474" publication-type="journal">
'Blow-Top Blues'. Decca, 23792.1947<person-group>
                  <string-name>
                     <surname>Hampton</surname>
                  </string-name>
               </person-group>
               <source>Decca</source>
               <year>1947</year>
            </mixed-citation>
         </ref>
         <ref id="d3720e497a1310">
            <mixed-citation id="d3720e501" publication-type="journal">
Helen Humes, 'Be Ba Ba Le Ba Boogie'. Black &amp; White, BW-250.1946<person-group>
                  <string-name>
                     <surname>Humes</surname>
                  </string-name>
               </person-group>
               <source>Black &amp; White</source>
               <year>1946</year>
            </mixed-citation>
         </ref>
         <ref id="d3720e523a1310">
            <mixed-citation id="d3720e527" publication-type="other">
Herb Lance, 'Close Your Eyes'. Sittin' in with, 514.1949</mixed-citation>
         </ref>
         <ref id="d3720e534a1310">
            <mixed-citation id="d3720e538" publication-type="journal">
Red Norvo, 'Congo Blues'. Dial, 903.1945<person-group>
                  <string-name>
                     <surname>Red Norvo</surname>
                  </string-name>
               </person-group>
               <source>Dial</source>
               <year>1945</year>
            </mixed-citation>
         </ref>
         <ref id="d3720e560a1310">
            <mixed-citation id="d3720e564" publication-type="journal">
Charlie Parker, 'Ornithology'. Dial, 1002.1946<person-group>
                  <string-name>
                     <surname>Parker</surname>
                  </string-name>
               </person-group>
               <source>Dial</source>
               <year>1946</year>
            </mixed-citation>
         </ref>
         <ref id="d3720e586a1310">
            <mixed-citation id="d3720e590" publication-type="journal">
George Shearing, 'September in the Rain/Bop, Look and Listen'. MGM, 10426.1949<person-group>
                  <string-name>
                     <surname>Shearing</surname>
                  </string-name>
               </person-group>
               <source>MGM</source>
               <year>1949</year>
            </mixed-citation>
         </ref>
         <ref id="d3720e612a1310">
            <mixed-citation id="d3720e616" publication-type="journal">
Cootie Williams, 'Gator Tail, part one/part two'. Mercury, 8131.1949<person-group>
                  <string-name>
                     <surname>Williams</surname>
                  </string-name>
               </person-group>
               <source>Mercury</source>
               <year>1949</year>
            </mixed-citation>
         </ref>
      </ref-list>
   </back>
</article>
