<article xmlns:xsi="http://www.w3.org/2001/XMLSchema-instance"
         xmlns:xlink="http://www.w3.org/1999/xlink"
         xmlns:mml="http://www.w3.org/1998/Math/MathML"
         dtd-version="1.0"
         article-type="research-article">
   <front>
      <journal-meta>
         <journal-id journal-id-type="jstor">popularmusic</journal-id>
         <journal-id journal-id-type="jstor">j100590</journal-id>
         <journal-title-group>
            <journal-title>Popular Music</journal-title>
         </journal-title-group>
         <publisher>
            <publisher-name>Cambridge University Press</publisher-name>
         </publisher>
         <issn pub-type="ppub">02611430</issn>
         <issn pub-type="epub">14740095</issn>
      </journal-meta>
      <article-meta>
         <article-id pub-id-type="jstor">3877566</article-id>
         <article-categories>
            <subj-group>
               <subject>Middle Eight</subject>
            </subj-group>
         </article-categories>
         <title-group>
            <article-title>Toru Mitsui Goes into Retirement</article-title>
         </title-group>
         <contrib-group>
            <contrib contrib-type="author">
               <string-name>
                  <given-names>Shuhei</given-names>
                  <surname>Hosokawa</surname>
               </string-name>
            </contrib>
         </contrib-group>
         <pub-date>
            <day>1</day>
            <month>5</month>
            <year>2006</year>
         </pub-date>
         <volume>25</volume>
         <issue>2</issue>
         <issue-id>i371790</issue-id>
         <fpage>323</fpage>
         <lpage>329</lpage>
         <page-range>323-329</page-range>
         <permissions>
            <copyright-statement>Copyright 2006 Cambridge University Press</copyright-statement>
         </permissions>
         <self-uri xlink:href="http://www.jstor.org/stable/3877566"/>
         <custom-meta-group>
            <custom-meta>
               <meta-name>lang</meta-name>
               <meta-value>eng</meta-value>
            </custom-meta>
         </custom-meta-group>
      </article-meta>
   </front>
   <back>
      <ref-list>
         <title>Select bibliography of Toru Mitsui Japanese (all are published in Tokyo)</title>
         <ref id="d9206e124a1310">
            <mixed-citation id="d9206e128" publication-type="book">
1965. Baraddo: Eiso Minkan Denshô Tanka (English and Scottish orally transmitted Song), Denshô Kayô no Kai<source>Baraddo: Eiso Minkan Denshô Tanka</source>
               <year>1965</year>
            </mixed-citation>
         </ref>
         <ref id="d9206e141a1310">
            <mixed-citation id="d9206e145" publication-type="book">
1967. Burûgurasu Ongaku (Bluegrass music), Denshô Kayô no Kai (revised and argumented in 1975)<source>Burûgurasu Ongaku</source>
               <year>1967</year>
            </mixed-citation>
         </ref>
         <ref id="d9206e158a1310">
            <mixed-citation id="d9206e162" publication-type="book">
1969. Sekai Shunkashô (World bawdy song anthology), edited by Eiryô Ashiwara, Jiyû Kokuminsha<source>Sekai Shunkashô</source>
               <year>1969</year>
            </mixed-citation>
         </ref>
         <ref id="d9206e175a1310">
            <mixed-citation id="d9206e179" publication-type="book">
1970. Eikei Amerika Minzoku Ongaku no Gakki (Instruments of Anglo-American folk music), Denshô Kayô
no Kor<source>Eikei Amerika Minzoku Ongaku no Gakki</source>
               <year>1970</year>
            </mixed-citation>
         </ref>
         <ref id="d9206e196a1310">
            <mixed-citation id="d9206e200" publication-type="book">
1971. Kantoî Ongaku no Rekishi (A history of country music), Ongakunotomosha<source>Kantoî Ongaku no Rekishi</source>
               <year>1971</year>
            </mixed-citation>
         </ref>
         <ref id="d9206e213a1310">
            <mixed-citation id="d9206e217" publication-type="book">
1976. Rokku no Bigaku (Aesthetics of rock), Buronzusha<source>Rokku no Bigaku</source>
               <year>1976</year>
            </mixed-citation>
         </ref>
         <ref id="d9206e230a1310">
            <mixed-citation id="d9206e234" publication-type="book">
1977. Kokujin Burûsu no Gendai (Black blues today), Ongakunotomosha<source>Kokujin Burûsu no Gendai</source>
               <year>1977</year>
            </mixed-citation>
         </ref>
         <ref id="d9206e247a1310">
            <mixed-citation id="d9206e251" publication-type="book">
1985. Maikeru Jakuson Genshô (The Michael Jackson phenomenon), Sinchôsha<source>Maikeru Jakuson Genshô</source>
               <year>1985</year>
            </mixed-citation>
         </ref>
         <ref id="d9206e264a1310">
            <mixed-citation id="d9206e268" publication-type="book">
1986. Koramu B-men no Amerika (Column: the B-side of America), Sôshisha<source>Koramu B-men no Amerika</source>
               <year>1986</year>
            </mixed-citation>
         </ref>
         <ref id="d9206e281a1310">
            <mixed-citation id="d9206e285" publication-type="book">
1989. Yû A Mai Sanshain Monogatari (The story of 'You Are My Sunshine'), Chikuma Shobô<source>Yû A Mai Sanshain Monogatari</source>
               <year>1989</year>
            </mixed-citation>
         </ref>
         <ref id="d9206e299a1310">
            <mixed-citation id="d9206e303" publication-type="book">
1990A. Jînzu Monogatari (The story of jeans), Kôdansha<source>Jînzu Monogatari</source>
               <year>1990</year>
            </mixed-citation>
         </ref>
         <ref id="d9206e316a1310">
            <mixed-citation id="d9206e320" publication-type="book">
1990B. Popyurâ Ongaku no Kenkyû (Research on popular music), Ongakunotomosha<source>Popyurâ Ongaku no Kenkyû</source>
               <year>1990</year>
            </mixed-citation>
         </ref>
         <ref id="d9206e333a1310">
            <mixed-citation id="d9206e337" publication-type="book">
2003A. Shinchaku Yôsho Shôkai (Reviews of new foreign books), Myûzikku Magajinsha<source>Shinchaku Yôsho Shôkai</source>
               <year>2003</year>
            </mixed-citation>
         </ref>
         <ref id="d9206e350a1310">
            <mixed-citation id="d9206e354" publication-type="book">
2005A. Popyurâ Ongaku Sutadîzu (Popular music studies), Ongakunotomosha<source>Popyurâ Ongaku Sutadîzu</source>
               <year>2005</year>
            </mixed-citation>
         </ref>
         <ref id="d9206e367a1310">
            <mixed-citation id="d9206e371" publication-type="book">
2005B. Popyurâ Ongaku to Akademizumu (Popular music and academia), Ongakunotomosha<source>Popyurâ Ongaku to Akademizumu</source>
               <year>2005</year>
            </mixed-citation>
         </ref>
         <ref id="d9206e384a1310">
            <mixed-citation id="d9206e388" publication-type="journal">
1983. 'Japan in Japan: notes on an aspect of the popular music record industry in Japan', Popular Music, 3,
pp. 107-20<object-id pub-id-type="jstor">10.2307/853096</object-id>
               <fpage>107</fpage>
            </mixed-citation>
         </ref>
         <ref id="d9206e405a1310">
            <mixed-citation id="d9206e409" publication-type="journal">
1984. 'Chronological list of popular music books published in Japan from January 1981 to September 1983',
Popular Music, 4, pp. 366-76<object-id pub-id-type="jstor">10.2307/853392</object-id>
               <fpage>366</fpage>
            </mixed-citation>
         </ref>
         <ref id="d9206e425a1310">
            <mixed-citation id="d9206e429" publication-type="journal">
1986. 'The search for Sweet Georgia Brown: a case for discographical detection', Popular Music, 6/3,
pp. 273-90 (co-written with Peter Ingham)<object-id pub-id-type="jstor">10.2307/853188</object-id>
               <fpage>273</fpage>
            </mixed-citation>
         </ref>
         <ref id="d9206e445a1310">
            <mixed-citation id="d9206e449" publication-type="journal">
1988A. 'Popular music studies in Japan', Popular Music, 7/1, p. 103<object-id pub-id-type="jstor">10.2307/853082</object-id>
               <fpage>103</fpage>
            </mixed-citation>
         </ref>
         <ref id="d9206e462a1310">
            <mixed-citation id="d9206e466" publication-type="journal">
1988B. 'Jimmie on Jimmie', Old Time County, 5/3, pp. 4-5<issue>3</issue>
               <fpage>4</fpage>
               <volume>5</volume>
               <source>Old Time County</source>
               <year>1988</year>
            </mixed-citation>
         </ref>
         <ref id="d9206e489a1310">
            <mixed-citation id="d9206e493" publication-type="journal">
1990c. 'Music, politics, and popular song: an interview with Jimmy Davis part II', Old Time Country, 7/2,
pp. 16-24<issue>2</issue>
               <fpage>16</fpage>
               <volume>7</volume>
               <source>Old Time Country</source>
               <year>1990</year>
            </mixed-citation>
         </ref>
         <ref id="d9206e519a1310">
            <mixed-citation id="d9206e523" publication-type="journal">
1991. 'Popular music research in Japan: a recent research in institutional settings', Worldbeat, 1, pp. 219-23<fpage>219</fpage>
               <volume>1</volume>
               <source>Worldbeat</source>
               <year>1991</year>
            </mixed-citation>
         </ref>
         <ref id="d9206e543a1310">
            <mixed-citation id="d9206e547" publication-type="book">
1993A. 'The French Revolution and the emergence of a new form of popular song in Japan', in Musique,
Histoire, Démocrasie, ed. A. Hennion (Paris, Fondation de la Maison des Sciences de l'homme, Editions de
la Maison des Sciences de l'Homme), pp. 59-65<person-group>
                  <string-name>
                     <surname>Histoire</surname>
                  </string-name>
               </person-group>
               <comment content-type="section">The French Revolution and the emergence of a new form of popular song in Japan</comment>
               <fpage>59</fpage>
               <source>Musique, Histoire</source>
               <year>1993</year>
            </mixed-citation>
         </ref>
         <ref id="d9206e582a1310">
            <mixed-citation id="d9206e586" publication-type="book">
1993B. 'The reception of the music of American Southern whites in Japan', in Transforming Tradition, ed. N.
Rosenberg (Urbana &amp; Champaign, Illinois University Press), pp. 275-93<comment content-type="section">The reception of the music of American Southern whites in Japan</comment>
               <fpage>275</fpage>
               <source>Transforming Tradition</source>
               <year>1993</year>
            </mixed-citation>
         </ref>
         <ref id="d9206e609a1310">
            <mixed-citation id="d9206e613" publication-type="book">
1993c. 'Copyright and music in Japan: a forced grafting and its consequences', in Music and Copyright, ed.
S. Frith (Edinburgh, Edinburgh University Press), pp. 125-45<person-group>
                  <string-name>
                     <surname>Frith</surname>
                  </string-name>
               </person-group>
               <comment content-type="section">Copyright and music in Japan: a forced grafting and its consequences</comment>
               <fpage>125</fpage>
               <source>Music and Copyright</source>
               <year>1993</year>
            </mixed-citation>
         </ref>
         <ref id="d9206e645a1310">
            <mixed-citation id="d9206e649" publication-type="journal">
1993D. 'TWO further publications in English on popular music in Japan', Popular Music, 12/2, pp. 192-4<object-id pub-id-type="jstor">10.2307/931300</object-id>
               <fpage>192</fpage>
            </mixed-citation>
         </ref>
         <ref id="d9206e662a1310">
            <mixed-citation id="d9206e666" publication-type="journal">
1995. 'Something is happening here . . . Mister Jones: a view from Japan', Popular Musicology, 1/2, pp. 8-14<issue>2</issue>
               <fpage>8</fpage>
               <volume>1</volume>
               <source>Popular Musicology</source>
               <year>1995</year>
            </mixed-citation>
         </ref>
         <ref id="d9206e689a1310">
            <mixed-citation id="d9206e693" publication-type="book">
1996. ' "Electric folk" in Japan', in Dynamics of Asian Music: Tradition and Its Modifications (Osaka, National
Museum of Ethnology), pp. 253-61<comment content-type="section">"Electric folk" in Japan</comment>
               <fpage>253</fpage>
               <source>Dynamics of Asian Music: Tradition and Its Modifications</source>
               <year>1996</year>
            </mixed-citation>
         </ref>
         <ref id="d9206e717a1310">
            <mixed-citation id="d9206e721" publication-type="book">
1997A. 'The interactions of imported and indigenous musics in Japan: a historical overview of the music
industry', in Whose Master's Voice?: The Development of Popular Music in Thirteen Cultures, ed. A.J.
Ewbank and F.T. Papageorgiu (Westport, Greenwood Press), pp. 152-74<person-group>
                  <string-name>
                     <surname>Ewbank</surname>
                  </string-name>
               </person-group>
               <comment content-type="section">The interactions of imported and indigenous musics in Japan: a historical overview of the music industry</comment>
               <fpage>152</fpage>
               <source>Whose Master's Voice?: The Development of Popular Music in Thirteen Cultures</source>
               <year>1997</year>
            </mixed-citation>
         </ref>
         <ref id="d9206e756a1310">
            <mixed-citation id="d9206e760" publication-type="book">
1997B. John Shepherd et al.'s Popular Music Studies: A Selected International Bibliography (London and
Washington, Mansell)<person-group>
                  <string-name>
                     <surname>Shepherd</surname>
                  </string-name>
               </person-group>
               <source>Popular Music Studies: A Selected International Bibliography</source>
               <year>1997</year>
            </mixed-citation>
         </ref>
         <ref id="d9206e785a1310">
            <mixed-citation id="d9206e789" publication-type="book">
1998A. Karaoke around the World: Global Technology, Local Singing (London, Routledge) (co-edited with
Shuhei Hosokawa)<source>Karaoke around the World: Global Technology, Local Singing</source>
               <year>1998</year>
            </mixed-citation>
         </ref>
         <ref id="d9206e805a1310">
            <mixed-citation id="d9206e809" publication-type="book">
1998B. Popular Music: Intercultural Interpretations (Kanazawa, Kanazawa University)<source>Popular Music: Intercultural Interpretations</source>
               <year>1998</year>
            </mixed-citation>
         </ref>
         <ref id="d9206e822a1310">
            <mixed-citation id="d9206e826" publication-type="journal">
1998C. 'Domestic exoticism: a recent trend in Japanese popular music' Perfect Beat, 3/4, pp. 1-12<issue>4</issue>
               <fpage>1</fpage>
               <volume>3</volume>
               <source>Perfect Beat</source>
               <year>1998</year>
            </mixed-citation>
         </ref>
         <ref id="d9206e849a1310">
            <mixed-citation id="d9206e853" publication-type="journal">
2001. 'Far Western in the Far East: the history of country &amp; western in post-war Japan', Hybridity, 1/2,
pp. 64-84<issue>2</issue>
               <fpage>64</fpage>
               <volume>1</volume>
               <source>Hybridity</source>
               <year>2001</year>
            </mixed-citation>
         </ref>
         <ref id="d9206e880a1310">
            <mixed-citation id="d9206e884" publication-type="book">
2002. 'Twentieth-century popular music in Japan', in Garland Encyclopedia of World Music, ed. Yoshihiko
Tokumaru et al. (New York, Garland), pp. 743-7<comment content-type="section">Twentieth-century popular music in Japan</comment>
               <fpage>743</fpage>
               <source>Garland Encyclopedia of World Music</source>
               <year>2002</year>
            </mixed-citation>
         </ref>
         <ref id="d9206e907a1310">
            <mixed-citation id="d9206e911" publication-type="journal">
2003. 'Musicology, ethnomusicology and popular music studies: two conferences in Japan in 2002', Popular
Music, 22/3, pp. 375-7<issue>3</issue>
               <fpage>375</fpage>
               <volume>22</volume>
               <source>Popular Music</source>
               <year>2003</year>
            </mixed-citation>
         </ref>
         <ref id="d9206e937a1310">
            <mixed-citation id="d9206e941" publication-type="journal">
2004. '"Sing Me a Song of Araby" and "My Blue Heaven": "New folksong", hybridization and the
expansion of the Japanese recording industry in the late 1920s', Popular Music History, 1/1, pp. 65-82<issue>1</issue>
               <fpage>65</fpage>
               <volume>1</volume>
               <source>Popular Music History</source>
               <year>2004</year>
            </mixed-citation>
         </ref>
      </ref-list>
   </back>
</article>
