<article xmlns:xsi="http://www.w3.org/2001/XMLSchema-instance"
         xmlns:xlink="http://www.w3.org/1999/xlink"
         xmlns:mml="http://www.w3.org/1998/Math/MathML"
         dtd-version="1.0"
         article-type="research-article">
   <front>
      <journal-meta>
         <journal-id journal-id-type="jstor">popularmusic</journal-id>
         <journal-id journal-id-type="jstor">j100590</journal-id>
         <journal-title-group>
            <journal-title>Popular Music</journal-title>
         </journal-title-group>
         <publisher>
            <publisher-name>Cambridge University Press</publisher-name>
         </publisher>
         <issn pub-type="ppub">02611430</issn>
         <issn pub-type="epub">14740095</issn>
      </journal-meta>
      <article-meta>
         <article-id pub-id-type="jstor">3877608</article-id>
         <title-group>
            <article-title> 'Ces nymphes, je les veux perpétuer': The Post-War Pastoral in Space-Age Bachelor-Pad Music </article-title>
         </title-group>
         <contrib-group>
            <contrib contrib-type="author">
               <string-name>
                  <given-names>Rebecca</given-names>
                  <surname>Leydon</surname>
               </string-name>
            </contrib>
         </contrib-group>
         <pub-date>
            <day>1</day>
            <month>5</month>
            <year>2003</year>
         </pub-date>
         <volume>22</volume>
         <issue>2</issue>
         <issue-id>i371781</issue-id>
         <fpage>159</fpage>
         <lpage>172</lpage>
         <page-range>159-172</page-range>
         <permissions>
            <copyright-statement>Copyright 2003 Cambridge University Press</copyright-statement>
         </permissions>
         <self-uri xlink:href="http://www.jstor.org/stable/3877608"/>
         <abstract>
            <p>Juan Garcia Esquivel's compositions and band arrangements of the late 1950s and early 1960s - his so-called 'space-age bachelor pad music' - feature exotic and futuristic instruments, dazzling stereo effects, textless vocalisations, and an array of colourful harmonic resources. This paper situates Esquivel's music within the venerable tradition of the Pastoral mode, a specialised narrative mode met in certain literary and musical works. I begin with an account of the musical pastoral, illustrated with reference to Renaissance madrigals, opera libretti, and especially French concert music from the turn of the twentieth century. In the music of 'impressionist' composers, pastoral conventions include a preponderance of 'slithery' sounds such as tremolo, trills, glissandi, gauzy timbres, colouristic harmonies and, especially, an over-abundance of motivic material. The steady parade of new themes, with little repetition, and rapidly changing orchestral colours impart a hedonistic atmosphere, consistent with the 'fantasy of plenitude' associated with the literary Pastoral. Esquivel's music, I claim, represents a transposition of this bucolic style, in which the ephemeral sounds of the flute and harp are transformed into their space-age counterparts: theremin, vibraphone, buzzimba, and the 'zu-zu-zu' of the Randy Van Horne Singers. Esquivel's music, I argue, reconstitutes the particular erotic configurations of classic pastoral: in place of fauns and nymphs are suave bachelors and their dates. The paper concludes with a discussion of representations of the 'leisurely bachelor' in other contemporaneous media.</p>
         </abstract>
         <custom-meta-group>
            <custom-meta>
               <meta-name>lang</meta-name>
               <meta-value>eng</meta-value>
            </custom-meta>
         </custom-meta-group>
      </article-meta>
   </front>
   <back>
      <ref-list>
         <title>Endnotes</title>
         <ref id="d877e212a1310">
            <label>1</label>
            <mixed-citation id="d877e219" publication-type="other">
Chusid's liner notes for
Esquivel! Space-age Bachelor Pad Music</mixed-citation>
         </ref>
         <ref id="d877e229a1310">
            <label>2</label>
            <mixed-citation id="d877e236" publication-type="other">
Chaudhuri (1989)</mixed-citation>
            <mixed-citation id="d877e242" publication-type="other">
Haber (1994)</mixed-citation>
            <mixed-citation id="d877e248" publication-type="other">
Patterson (1987)</mixed-citation>
         </ref>
         <ref id="d877e255a1310">
            <label>3</label>
            <mixed-citation id="d877e262" publication-type="other">
Williams (1973).</mixed-citation>
         </ref>
         <ref id="d877e269a1310">
            <label>4</label>
            <mixed-citation id="d877e276" publication-type="other">
Rosenmeyer (1969).</mixed-citation>
         </ref>
         <ref id="d877e284a1310">
            <label>5</label>
            <mixed-citation id="d877e291" publication-type="other">
Chew (2001).</mixed-citation>
         </ref>
         <ref id="d877e298a1310">
            <label>7</label>
            <mixed-citation id="d877e305" publication-type="other">
Chew (2001).</mixed-citation>
         </ref>
         <ref id="d877e312a1310">
            <label>8</label>
            <mixed-citation id="d877e319" publication-type="other">
Taruskin (1985).</mixed-citation>
         </ref>
         <ref id="d877e326a1310">
            <label>9</label>
            <mixed-citation id="d877e333" publication-type="other">
berhoz (1858).</mixed-citation>
         </ref>
         <ref id="d877e340a1310">
            <label>12</label>
            <mixed-citation id="d877e347" publication-type="other">
Code (1999).</mixed-citation>
         </ref>
         <ref id="d877e354a1310">
            <label>13</label>
            <mixed-citation id="d877e361" publication-type="other">
Austin (1970).</mixed-citation>
         </ref>
         <ref id="d877e369a1310">
            <label>14</label>
            <mixed-citation id="d877e376" publication-type="other">
Berman (1980, p. 225).</mixed-citation>
         </ref>
         <ref id="d877e383a1310">
            <label>16</label>
            <mixed-citation id="d877e390" publication-type="other">
Vale and Juno (1994, p. 154).</mixed-citation>
         </ref>
      </ref-list>
   </back>
</article>
