<article xmlns:xsi="http://www.w3.org/2001/XMLSchema-instance"
         xmlns:xlink="http://www.w3.org/1999/xlink"
         xmlns:mml="http://www.w3.org/1998/Math/MathML"
         dtd-version="1.0"
         article-type="research-article">
   <front>
      <journal-meta>
         <journal-id journal-id-type="jstor">popularmusic</journal-id>
         <journal-id journal-id-type="jstor">j100590</journal-id>
         <journal-title-group>
            <journal-title>Popular Music</journal-title>
         </journal-title-group>
         <publisher>
            <publisher-name>Cambridge University Press</publisher-name>
         </publisher>
         <issn pub-type="ppub">02611430</issn>
         <issn pub-type="epub">14740095</issn>
      </journal-meta>
      <article-meta>
         <article-id pub-id-type="jstor">3877505</article-id>
         <title-group>
            <article-title>Beyond the 'High Fidelity' Stereotype: Defining the (Contemporary) Record Collector</article-title>
         </title-group>
         <contrib-group>
            <contrib contrib-type="author">
               <string-name>
                  <given-names>Roy</given-names>
                  <surname>Shuker</surname>
               </string-name>
            </contrib>
         </contrib-group>
         <pub-date>
            <day>1</day>
            <month>10</month>
            <year>2004</year>
         </pub-date>
         <volume>23</volume>
         <issue>3</issue>
         <issue-id>i371785</issue-id>
         <fpage>311</fpage>
         <lpage>330</lpage>
         <page-range>311-330</page-range>
         <permissions>
            <copyright-statement>Copyright 2004 Cambridge University Press</copyright-statement>
         </permissions>
         <self-uri xlink:href="http://www.jstor.org/stable/3877505"/>
         <abstract>
            <p>The popular image of record collectors is of obsessive males, whose 'train spotting' passion for collecting is often a substitute for 'real' social relationships. This image can draw on some support from academic discussions of collectors and collecting, but it represents only a partial account of record collectors. This paper draws on interviews with sixty-seven self-identified record collectors to show how they demonstrate a complex mix of characteristics: a love of music; obsessive-compulsive behaviour, accumulation and completism, selectivity and discrimination; and self-education and scholarship. As a social practice, record collecting presents itself as a core component of individual social identity and a central part of the life cycle.</p>
         </abstract>
         <custom-meta-group>
            <custom-meta>
               <meta-name>lang</meta-name>
               <meta-value>eng</meta-value>
            </custom-meta>
         </custom-meta-group>
      </article-meta>
   </front>
   <back>
      <fn-group>
         <title>[Footnotes]</title>
         <fn id="d10052e121a1310">
            <label>2</label>
            <p>
               <mixed-citation id="d10052e128" publication-type="other">
Journal of
Material Culture, Sage 1996</mixed-citation>
            </p>
            <p>
               <mixed-citation id="d10052e137" publication-type="other">
Daniel Miller
(1998)</mixed-citation>
            </p>
         </fn>
         <fn id="d10052e147a1310">
            <label>3</label>
            <p>
               <mixed-citation id="d10052e156" publication-type="other">
International Association of Sound
Archives</mixed-citation>
            </p>
         </fn>
         <fn id="d10052e166a1310">
            <label>4</label>
            <p>
               <mixed-citation id="d10052e173" publication-type="other">
Belk (2001, pp. 78-
82)</mixed-citation>
            </p>
         </fn>
         <fn id="d10052e183a1310">
            <label>5</label>
            <p>
               <mixed-citation id="d10052e190" publication-type="other">
Straw 1997</mixed-citation>
            </p>
         </fn>
         <fn id="d10052e198a1310">
            <label>9</label>
            <p>
               <mixed-citation id="d10052e207" publication-type="other">
Brewster and Broughton
199x</mixed-citation>
            </p>
            <p>
               <mixed-citation id="d10052e216" publication-type="other">
Kuhns 2001</mixed-citation>
            </p>
         </fn>
      </fn-group>
      <ref-list>
         <title>References</title>
         <ref id="d10052e232a1310">
            <mixed-citation id="d10052e236" publication-type="book">
Aizlewood, J. (ed.) 1994. Love is the Drug (London)<person-group>
                  <string-name>
                     <surname>Aizlewood</surname>
                  </string-name>
               </person-group>
               <source>Love is the Drug</source>
               <year>1994</year>
            </mixed-citation>
         </ref>
         <ref id="d10052e258a1310">
            <mixed-citation id="d10052e262" publication-type="book">
Baudrillard, J. 1994. 'The system of collecting', in The Cultures of Collecting, ed. J. Eisner and R. Cardinal
(London)<person-group>
                  <string-name>
                     <surname>Baudrillard</surname>
                  </string-name>
               </person-group>
               <comment content-type="section">The system of collecting</comment>
               <source>The Cultures of Collecting</source>
               <year>1994</year>
            </mixed-citation>
         </ref>
         <ref id="d10052e291a1310">
            <mixed-citation id="d10052e295" publication-type="book">
Belk, R.W. 2001. Collecting in a Consumer Society, 2nd edition (London)<person-group>
                  <string-name>
                     <surname>Belk</surname>
                  </string-name>
               </person-group>
               <edition>2</edition>
               <source>Collecting in a Consumer Society</source>
               <year>2001</year>
            </mixed-citation>
         </ref>
         <ref id="d10052e320a1310">
            <mixed-citation id="d10052e324" publication-type="book">
Benjamin, W. 1968, first published in German, 1931. 'Unpacking My Library. A talk about book collecting',
in Illuminations, ed. H. Arendt (London)<person-group>
                  <string-name>
                     <surname>Benjamin</surname>
                  </string-name>
               </person-group>
               <comment content-type="section">Unpacking My Library. A talk about book collecting</comment>
               <source>Illuminations</source>
               <year>1968</year>
            </mixed-citation>
         </ref>
         <ref id="d10052e354a1310">
            <mixed-citation id="d10052e358" publication-type="book">
Blom, P. 2002. To Have and to Hold. An Intimate History of Collectors and Collecting (Woodstock, New York)<person-group>
                  <string-name>
                     <surname>Blom</surname>
                  </string-name>
               </person-group>
               <source>To Have and to Hold. An Intimate History of Collectors and Collecting</source>
               <year>2002</year>
            </mixed-citation>
         </ref>
         <ref id="d10052e380a1310">
            <mixed-citation id="d10052e384" publication-type="book">
Bogle, V. 1999. Women Who Collect Records, graduate research paper, University of Auckland, New Zealand
(my thanks to Vicky for supplying me with a copy)<person-group>
                  <string-name>
                     <surname>Bogle</surname>
                  </string-name>
               </person-group>
               <source>Women Who Collect Records</source>
               <year>1999</year>
            </mixed-citation>
         </ref>
         <ref id="d10052e409a1310">
            <mixed-citation id="d10052e413" publication-type="book">
Brewster, B., and Broughton, F. 1999. Last Night a DJ Saved My Life. The History of the Disc Jockey (New York)<person-group>
                  <string-name>
                     <surname>Brewster</surname>
                  </string-name>
               </person-group>
               <source>Last Night a DJ Saved My Life. The History of the Disc Jockey</source>
               <year>1999</year>
            </mixed-citation>
         </ref>
         <ref id="d10052e435a1310">
            <mixed-citation id="d10052e439" publication-type="other">
Campbell, B. 2001. 'Turn, Baby, Turn. Obsessions, compulsions, redemption and satori in the world of
record collecting', Colorado Springs Independent, June 14. Online at www.csindy.com/csindy/2001-06-
14/cover.html (my thanks to Craig Morrison for this reference)</mixed-citation>
         </ref>
         <ref id="d10052e452a1310">
            <mixed-citation id="d10052e456" publication-type="book">
Campbell, C. 1987. The Romantic Ethic and the Spirit of Modern Consumerism (Oxford)<person-group>
                  <string-name>
                     <surname>Campbell</surname>
                  </string-name>
               </person-group>
               <source>The Romantic Ethic and the Spirit of Modern Consumerism</source>
               <year>1987</year>
            </mixed-citation>
         </ref>
         <ref id="d10052e478a1310">
            <mixed-citation id="d10052e482" publication-type="book">
Cavicchi, D. 1998. Tramps Like Us: Music &amp; Meaning Among Springsteen Fans (Oxford)<person-group>
                  <string-name>
                     <surname>Cavicchi</surname>
                  </string-name>
               </person-group>
               <source>Tramps Like Us: Music &amp; Meaning Among Springsteen Fans</source>
               <year>1998</year>
            </mixed-citation>
         </ref>
         <ref id="d10052e505a1310">
            <mixed-citation id="d10052e509" publication-type="book">
Clifford, J. 1988. The Predicament of Culture (Cambridge, MA)<person-group>
                  <string-name>
                     <surname>Clifford</surname>
                  </string-name>
               </person-group>
               <source>The Predicament of Culture</source>
               <year>1988</year>
            </mixed-citation>
         </ref>
         <ref id="d10052e531a1310">
            <mixed-citation id="d10052e535" publication-type="book">
Copeland, P. 1991. Sound Recordings (London)<person-group>
                  <string-name>
                     <surname>Copeland</surname>
                  </string-name>
               </person-group>
               <source>Sound Recordings</source>
               <year>1991</year>
            </mixed-citation>
         </ref>
         <ref id="d10052e557a1310">
            <mixed-citation id="d10052e561" publication-type="book">
Danet, B., and Katriel, T. 1994. 'Glorious obsessions, passionate lovers, and hidden treasures: Collecting,
metaphor, and the romantic ethic', in The Socialness of Things. Essays on the Socio-Semiotics of Objects, ed.
S. Riggins (Berlin, New York)<person-group>
                  <string-name>
                     <surname>Danet</surname>
                  </string-name>
               </person-group>
               <comment content-type="section">Glorious obsessions, passionate lovers, and hidden treasures: Collecting, metaphor, and the romantic ethic</comment>
               <source>The Socialness of Things. Essays on the Socio-Semiotics of Objects</source>
               <year>1994</year>
            </mixed-citation>
         </ref>
         <ref id="d10052e593a1310">
            <mixed-citation id="d10052e597" publication-type="book">
Dean, E. 2001. 'Desperate Man Blues', in Da Capo Best Music Writing 2000, ed. P. Guralnick and D. Wolk
(USA), pp. 76-197<person-group>
                  <string-name>
                     <surname>Dean</surname>
                  </string-name>
               </person-group>
               <comment content-type="section">Desperate Man Blues</comment>
               <fpage>76</fpage>
               <source>Da Capo Best Music Writing 2000</source>
               <year>2001</year>
            </mixed-citation>
         </ref>
         <ref id="d10052e629a1310">
            <mixed-citation id="d10052e633" publication-type="other">
Discoveries, For Record and CD Collectors, http://www.csmonline.com/discoveries</mixed-citation>
         </ref>
         <ref id="d10052e640a1310">
            <mixed-citation id="d10052e644" publication-type="book">
Eisenberg, E. 1988. The Recording Angel: Music, Records and Culture From Aristotle to Zappa (London)<person-group>
                  <string-name>
                     <surname>Eisenberg</surname>
                  </string-name>
               </person-group>
               <source>The Recording Angel: Music, Records and Culture From Aristotle to Zappa</source>
               <year>1988</year>
            </mixed-citation>
         </ref>
         <ref id="d10052e667a1310">
            <mixed-citation id="d10052e671" publication-type="book">
Eisner, J., and Cardinal, R. (eds.) 1994. The Cultures of Collecting (London)<person-group>
                  <string-name>
                     <surname>Eisner</surname>
                  </string-name>
               </person-group>
               <source>The Cultures of Collecting</source>
               <year>1994</year>
            </mixed-citation>
         </ref>
         <ref id="d10052e693a1310">
            <mixed-citation id="d10052e697" publication-type="book">
Gabbard, K. 1995. 'Introduction: The jazz canon and its consequences', in Jazz Among the Discourses, ed. K.
Gabbard (Durham and London)<person-group>
                  <string-name>
                     <surname>Gabbard</surname>
                  </string-name>
               </person-group>
               <comment content-type="section">Introduction: The jazz canon and its consequences</comment>
               <source>Jazz Among the Discourses</source>
               <year>1995</year>
            </mixed-citation>
         </ref>
         <ref id="d10052e726a1310">
            <mixed-citation id="d10052e730" publication-type="book">
Glebbeek, C, and Noble, D.J. 1996. Jimi Hendrix. The Man, The Music, The Memorabilia (Limpsfield, UK)<person-group>
                  <string-name>
                     <surname>Glebbeek</surname>
                  </string-name>
               </person-group>
               <source>Jimi Hendrix. The Man, The Music, The Memorabilia</source>
               <year>1996</year>
            </mixed-citation>
         </ref>
         <ref id="d10052e752a1310">
            <mixed-citation id="d10052e756" publication-type="other">
Goldmine. The Collectors Record and Compact Disc Marketplace, http://www.krause.com/goldmine</mixed-citation>
         </ref>
         <ref id="d10052e763a1310">
            <mixed-citation id="d10052e767" publication-type="book">
Herrmann, F. 1999. The English as Collectors. A Documentary Sourcebook (New Castle, Delaware / London)<person-group>
                  <string-name>
                     <surname>Herrmann</surname>
                  </string-name>
               </person-group>
               <source>The English as Collectors. A Documentary Sourcebook</source>
               <year>1999</year>
            </mixed-citation>
         </ref>
         <ref id="d10052e789a1310">
            <mixed-citation id="d10052e793" publication-type="book">
Hornby, N. 1995. High Fidelity (London)<person-group>
                  <string-name>
                     <surname>Hornby</surname>
                  </string-name>
               </person-group>
               <source>High Fidelity</source>
               <year>1995</year>
            </mixed-citation>
         </ref>
         <ref id="d10052e816a1310">
            <mixed-citation id="d10052e820" publication-type="other">
Hosokawa, S., and Matsuako, H. 1999. 'Vinyl collection as material practice: the Japanese case', draft paper
for the JAWS Conference, Minpaku</mixed-citation>
         </ref>
         <ref id="d10052e830a1310">
            <mixed-citation id="d10052e834" publication-type="book">
Kay, H. 1992. Rock'N'Roll Collectables. An Illustrated History of Rock Memorabilia (London)<person-group>
                  <string-name>
                     <surname>Kay</surname>
                  </string-name>
               </person-group>
               <source>Rock'N'Roll Collectables. An Illustrated History of Rock Memorabilia</source>
               <year>1992</year>
            </mixed-citation>
         </ref>
         <ref id="d10052e856a1310">
            <mixed-citation id="d10052e860" publication-type="book">
Kenney, W. 1999. Recorded Music in American Life. The Phonograph and Popular Memory, 1890-1945 (New
York, Oxford)<person-group>
                  <string-name>
                     <surname>Kenney</surname>
                  </string-name>
               </person-group>
               <source>Recorded Music in American Life. The Phonograph and Popular Memory, 1890-1945</source>
               <year>1999</year>
            </mixed-citation>
         </ref>
         <ref id="d10052e885a1310">
            <mixed-citation id="d10052e889" publication-type="book">
Kirshenblatt-Gimblett, B. 1999. 'Objects of memory', in Exploring Culture and Community for the 21st Century
(Ipswich, Australia)<person-group>
                  <string-name>
                     <surname>Kirshenblatt-Gimblett</surname>
                  </string-name>
               </person-group>
               <comment content-type="section">Objects of memory</comment>
               <source>Exploring Culture and Community for the 21st Century</source>
               <year>1999</year>
            </mixed-citation>
         </ref>
         <ref id="d10052e918a1310">
            <mixed-citation id="d10052e922" publication-type="journal">
Kuhns, B. 2000. 'Bob Hyland: A pioneer record collector's early collecting experiences', The Old-Time
Herald- A Magazine Dedicated to Old-Time Music, 7/5, August-October, pp. 24-6.<person-group>
                  <string-name>
                     <surname>Kuhns</surname>
                  </string-name>
               </person-group>
               <issue>5</issue>
               <fpage>24</fpage>
               <volume>7</volume>
               <source>The Old-Time Herald- A Magazine Dedicated to Old-Time Music</source>
               <year>2000</year>
            </mixed-citation>
         </ref>
         <ref id="d10052e957a1310">
            <mixed-citation id="d10052e961" publication-type="book">
Lewis, L. (ed.) 1992. The Adoring Audience. Fan Culture and Popular Media (London)<person-group>
                  <string-name>
                     <surname>Lewis</surname>
                  </string-name>
               </person-group>
               <source>The Adoring Audience. Fan Culture and Popular Media</source>
               <year>1992</year>
            </mixed-citation>
         </ref>
         <ref id="d10052e984a1310">
            <mixed-citation id="d10052e988" publication-type="book">
Lopez, P. 2002. The Rise of a Jazz Art World (Cambridge)<person-group>
                  <string-name>
                     <surname>Lopez</surname>
                  </string-name>
               </person-group>
               <source>The Rise of a Jazz Art World</source>
               <year>2002</year>
            </mixed-citation>
         </ref>
         <ref id="d10052e1010a1310">
            <mixed-citation id="d10052e1016" publication-type="other">
Marshall, L. 2001. Losing One's Mind: Bootlegging and the Sociology of Copyright, Ph.D. Thesis, University of
Warwick ( my thanks to Lee for supplying me with a copy )</mixed-citation>
            <mixed-citation id="d10052e1025" publication-type="journal">
2003. 'For and against the record industry: an introduction to bootleg collectors and tape traders', Popular
Music, 22/1, January, pp. 57-72.<object-id pub-id-type="jstor">10.2307/853556</object-id>
               <fpage>57</fpage>
            </mixed-citation>
         </ref>
         <ref id="d10052e1041a1310">
            <mixed-citation id="d10052e1045" publication-type="book">
Martin, P. 1999. Popular Collecting and the Everyday Self. The Reinvention of Museums? (London and New
York)<person-group>
                  <string-name>
                     <surname>Martin</surname>
                  </string-name>
               </person-group>
               <source>Popular Collecting and the Everyday Self. The Reinvention of Museums?</source>
               <year>1999</year>
            </mixed-citation>
         </ref>
         <ref id="d10052e1070a1310">
            <mixed-citation id="d10052e1074" publication-type="book">
Maycock, S. 1994. Miller's Rock &amp; Pop Memorabilia (London)<person-group>
                  <string-name>
                     <surname>Maycock</surname>
                  </string-name>
               </person-group>
               <source>Miller's Rock &amp; Pop Memorabilia</source>
               <year>1994</year>
            </mixed-citation>
         </ref>
         <ref id="d10052e1096a1310">
            <mixed-citation id="d10052e1100" publication-type="book">
Miller, D. 1998. A Theory of Shopping (Cambridge, UK)<person-group>
                  <string-name>
                     <surname>Miller</surname>
                  </string-name>
               </person-group>
               <source>A Theory of Shopping</source>
               <year>1998</year>
            </mixed-citation>
         </ref>
         <ref id="d10052e1122a1310">
            <mixed-citation id="d10052e1126" publication-type="other">
Montano, E. 2001. Collecting the Past for a Material Present: Record Collecting in Contemporary Practice, M.A.
Dissertation, Institute of Popular Music Studies, Liverpool University ( my thanks to Ed for providing me
with a copy)</mixed-citation>
         </ref>
         <ref id="d10052e1140a1310">
            <mixed-citation id="d10052e1144" publication-type="book">
Muesterberger, W. 1994. Collecting. An Unruly Passion: Psychological Perspectives, (Princeton, NJ)<person-group>
                  <string-name>
                     <surname>Muesterberger</surname>
                  </string-name>
               </person-group>
               <source>Collecting. An Unruly Passion: Psychological Perspectives</source>
               <year>1994</year>
            </mixed-citation>
         </ref>
         <ref id="d10052e1166a1310">
            <mixed-citation id="d10052e1170" publication-type="book">
Negus, K. 1996. Popular Music in Theory (Cambridge)<person-group>
                  <string-name>
                     <surname>Negus</surname>
                  </string-name>
               </person-group>
               <source>Popular Music in Theory</source>
               <year>1996</year>
            </mixed-citation>
         </ref>
         <ref id="d10052e1192a1310">
            <mixed-citation id="d10052e1196" publication-type="book">
Pearce, S. 1995. On Collecting. An Investigation into Collecting in the European Tradition (London)<person-group>
                  <string-name>
                     <surname>Pearce</surname>
                  </string-name>
               </person-group>
               <source>On Collecting. An Investigation into Collecting in the European Tradition</source>
               <year>1995</year>
            </mixed-citation>
            <mixed-citation id="d10052e1217" publication-type="book">
1998. Collecting in Contemporary Practice (London)<person-group>
                  <string-name>
                     <surname>Pearce</surname>
                  </string-name>
               </person-group>
               <source>Collecting in Contemporary Practice</source>
               <year>1998</year>
            </mixed-citation>
            <mixed-citation id="d10052e1238" publication-type="book">
(ed.) 1997. Experiencing Material Culture in the Western World (London &amp; Washington)<person-group>
                  <string-name>
                     <surname>Pearce</surname>
                  </string-name>
               </person-group>
               <source>Experiencing Material Culture in the Western World</source>
               <year>1997</year>
            </mixed-citation>
         </ref>
         <ref id="d10052e1260a1310">
            <mixed-citation id="d10052e1264" publication-type="book">
Ratneshwar, S., Mick, D., and Huffman, C. (eds.) 2000. The Why of Consumption. Contemporary Perspectives
on Consumer Motives, Goals and Desires (London &amp; New York)<person-group>
                  <string-name>
                     <surname>Ratneshwar</surname>
                  </string-name>
               </person-group>
               <source>The Why of Consumption. Contemporary Perspectives on Consumer Motives, Goals and Desires</source>
               <year>2000</year>
            </mixed-citation>
         </ref>
         <ref id="d10052e1289a1310">
            <mixed-citation id="d10052e1293" publication-type="book">
Regev, M. 2003. 'Rock aesthetic and the 'pop-rockization' of popular music', in Studies in Popular Music, ed.
K. Negus and D. Hesmondhalgh (London)<person-group>
                  <string-name>
                     <surname>Regev</surname>
                  </string-name>
               </person-group>
               <comment content-type="section">Rock aesthetic and the 'pop-rockization' of popular music</comment>
               <source>Studies in Popular Music</source>
               <year>2003</year>
            </mixed-citation>
         </ref>
         <ref id="d10052e1322a1310">
            <mixed-citation id="d10052e1326" publication-type="book">
Shuker, R. 2003. 'Creating a Collector Constituency. The historical development of record collecting: the 78
era', IASPM Conference, Montreal<person-group>
                  <string-name>
                     <surname>Shuker</surname>
                  </string-name>
               </person-group>
               <comment content-type="section">Creating a Collector Constituency. The historical development of record collecting: the 78 era</comment>
               <source>IASPM Conference</source>
               <year>2003</year>
            </mixed-citation>
         </ref>
         <ref id="d10052e1356a1310">
            <mixed-citation id="d10052e1360" publication-type="book">
Smith, G. 1995. Lost in Music (London)<person-group>
                  <string-name>
                     <surname>Smith</surname>
                  </string-name>
               </person-group>
               <source>Lost in Music</source>
               <year>1995</year>
            </mixed-citation>
         </ref>
         <ref id="d10052e1382a1310">
            <mixed-citation id="d10052e1386" publication-type="book">
Stanley, J. 2002. Miller's Collecting Vinyl (London)<person-group>
                  <string-name>
                     <surname>Stanley</surname>
                  </string-name>
               </person-group>
               <source>Miller's Collecting Vinyl</source>
               <year>2002</year>
            </mixed-citation>
         </ref>
         <ref id="d10052e1408a1310">
            <mixed-citation id="d10052e1412" publication-type="book">
Straw, W. 1997. 'Sizing Up Record Collections. Gender and connoisseurship in rock music culture', in
Sexing the Groove. Popular Music and Gender, ed. S. Whiteley (London), pp. 3-16.<person-group>
                  <string-name>
                     <surname>Straw</surname>
                  </string-name>
               </person-group>
               <comment content-type="section">Sizing Up Record Collections. Gender and connoisseurship in rock music culture</comment>
               <fpage>3</fpage>
               <source>Sexing the Groove. Popular Music and Gender</source>
               <year>1997</year>
            </mixed-citation>
         </ref>
         <ref id="d10052e1444a1310">
            <mixed-citation id="d10052e1448" publication-type="book">
Thompson, D. 2002. The Music Lover's Guide to Record Collecting (San Francisco)<person-group>
                  <string-name>
                     <surname>Thompson</surname>
                  </string-name>
               </person-group>
               <source>The Music Lover's Guide to Record Collecting</source>
               <year>2002</year>
            </mixed-citation>
         </ref>
         <ref id="d10052e1470a1310">
            <mixed-citation id="d10052e1474" publication-type="book">
Tuchman, M.; photos by Brenner, P. 1994. Magnificent Obsessions; Twenty Remarkable Collectors in Pursuit of
their Dreams (San Francisco)<person-group>
                  <string-name>
                     <surname>Tuchman</surname>
                  </string-name>
               </person-group>
               <source>Magnificent Obsessions; Twenty Remarkable Collectors in Pursuit of their Dreams</source>
               <year>1994</year>
            </mixed-citation>
         </ref>
         <ref id="d10052e1499a1310">
            <mixed-citation id="d10052e1503" publication-type="book">
Vale, V., and Juno, A. (eds.) 1993. Incredibly Strange Music, Volume 1 (San Francisco)<person-group>
                  <string-name>
                     <surname>Vale</surname>
                  </string-name>
               </person-group>
               <volume>1</volume>
               <source>Incredibly Strange Music</source>
               <year>1993</year>
            </mixed-citation>
            <mixed-citation id="d10052e1527" publication-type="book">
1994. Incredibly Strange Music, Volume 2 (San Francisco)<person-group>
                  <string-name>
                     <surname>Vale</surname>
                  </string-name>
               </person-group>
               <volume>2</volume>
               <source>Incredibly Strange Music</source>
               <year>1994</year>
            </mixed-citation>
         </ref>
         <ref id="d10052e1553a1310">
            <mixed-citation id="d10052e1557" publication-type="other">
Vinyl. 2000. Director Alan Zwieg; documentary film</mixed-citation>
         </ref>
         <ref id="d10052e1564a1310">
            <mixed-citation id="d10052e1568" publication-type="other">
Wax Poetics. Quarterly journal 'for record collectors, beatheads, DJs, producers, and basically anyone who
fiends for vinyl, the dustier the better', http://waxpoetics.com/html/home.shtml</mixed-citation>
         </ref>
         <ref id="d10052e1578a1310">
            <mixed-citation id="d10052e1582" publication-type="book">
Willis, P. et al. 1990. Common Culture. Symbolic Work at Play in the Everyday Cultures of the Young (Milton
Keynes)<person-group>
                  <string-name>
                     <surname>Willis</surname>
                  </string-name>
               </person-group>
               <source>Common Culture. Symbolic Work at Play in the Everyday Cultures of the Young</source>
               <year>1990</year>
            </mixed-citation>
         </ref>
      </ref-list>
   </back>
</article>
