<article dtd-version="1.0" article-type="research-article">
   <front>
      <journal-meta>
         <journal-id xmlns:xlink="http://www.w3.org/1999/xlink" journal-id-type="jstor">popularmusic</journal-id>
         <journal-id xmlns:xlink="http://www.w3.org/1999/xlink" journal-id-type="jstor">j100590</journal-id>
         <journal-title-group xmlns:xlink="http://www.w3.org/1999/xlink">
            <journal-title>Popular Music</journal-title>
         </journal-title-group>
         <publisher>
            <publisher-name>Cambridge University Press</publisher-name>
         </publisher>
         <issn xmlns:xlink="http://www.w3.org/1999/xlink" pub-type="ppub">02611430</issn>
         <issn xmlns:xlink="http://www.w3.org/1999/xlink" pub-type="epub">14740095</issn>
      </journal-meta>
      <article-meta>
         <article-id xmlns:xlink="http://www.w3.org/1999/xlink" pub-id-type="jstor">40212448</article-id>
         <article-id pub-id-type="pub-doi">10.1017/S0261143008001463</article-id>
         <title-group>
            <article-title>Black, White and Blue: The Racial Antagonism of the Smiths' Record Sleeves</article-title>
         </title-group>
         <contrib-group>
            <contrib>
               <string-name xmlns:xlink="http://www.w3.org/1999/xlink">
                  <given-names>Andrew</given-names>
                  <surname>Warnes</surname>
               </string-name>
            </contrib>
         </contrib-group>
         <pub-date xmlns:xlink="http://www.w3.org/1999/xlink">
            <day>1</day>
            <month>1</month>
            <year>2008</year>
         </pub-date>
         <volume>27</volume>
         <issue>1</issue>
         <issue-id xmlns:xlink="http://www.w3.org/1999/xlink">i40007222</issue-id>
         <fpage>135</fpage>
         <lpage>149</lpage>
         <permissions>
            <copyright-statement>Copyright 2008 Cambridge University Press</copyright-statement>
         </permissions>
         <self-uri xmlns:xlink="http://www.w3.org/1999/xlink"
                   xlink:href="http://www.jstor.org/stable/40212448"/>
         <abstract>
            <p>As Matthew Bannister has recently suggested in these pages (see Popular Music, 25/1), The Smiths stand at the head of a 1980s Indie canon based on its rejection of a commodification associated with contemporary black US musics. This article argues that this racial understanding has also bled into the band's critical reception, encouraging many to assume that Morrissey and Man drew on exclusively white influences. Specifically, I argue that the white camp icons from the 1950s and 1960s who famously adorn the band's record sleeves together form a kind of smokescreen, or 'beard', which stokes interest in Morrissey's sexual predilections and orients away from his and Man's Black Atlantic sources. The pre-immigrant Britain summoned up these icons, I argue, helps prevent fans and critics alike from grasping that Monissey's lyrical attempts to find humour and succour by remembering pain is profoundly inspired by the African-American form of the Blues.</p>
         </abstract>
         <custom-meta-group xmlns:xlink="http://www.w3.org/1999/xlink">
            <custom-meta>
               <meta-name>lang</meta-name>
               <meta-value>eng</meta-value>
            </custom-meta>
         </custom-meta-group>
      </article-meta>
   </front>
   <back>
      <ref-list>
         <title>Endnotes</title>
         <ref id="d11531e117a1310">
            <label>1</label>
            <mixed-citation id="d11531e124" publication-type="other">
http://www.passionsjustlikemine
.com/smiths-d.htm</mixed-citation>
         </ref>
         <ref id="d11531e134a1310">
            <label>2</label>
            <mixed-citation id="d11531e143" publication-type="other">
Margaret Thatcher first proclaimed this famous
slogan during an interview with Woman's Own
on 31 October 1987.</mixed-citation>
            <mixed-citation id="d11531e155" publication-type="other">
http://www.
margaretthatcher.org/speeches/displaydocum
ent.asp?docid=106689</mixed-citation>
         </ref>
      </ref-list>
      <ref-list>
         <title>References</title>
         <ref id="d11531e177a1310">
            <mixed-citation id="d11531e181" publication-type="other">
Aaron, C. 1987. 'Music in advertising: Marketers turn to rap to target the youth market', Adweek, 14
September 1987. Available online, http://web.lexis-nexis.com/executive/</mixed-citation>
         </ref>
         <ref id="d11531e191a1310">
            <mixed-citation id="d11531e195" publication-type="other">
Abercrombie, N. 1994. 'Authority and consumer society', in The Authority of the Consumer, ed. R. Keat, N.
Whiteley and N. Abercrombie (London and New York, Routledge), pp. 43-57</mixed-citation>
         </ref>
         <ref id="d11531e205a1310">
            <mixed-citation id="d11531e209" publication-type="other">
Adorno, T. 2001. 'The schema of mass culture', in The Culture Industry: Selected Essays on Mass Culture
(London and New York, Routledge), pp. 61-97</mixed-citation>
         </ref>
         <ref id="d11531e219a1310">
            <mixed-citation id="d11531e223" publication-type="other">
Baker, H. 1984. Blues, Ideology and Afro-American Narrative: A Vernacular Theory (Chicago and London,
Chicago University Press)</mixed-citation>
         </ref>
         <ref id="d11531e234a1310">
            <mixed-citation id="d11531e238" publication-type="other">
Bhabha, H. 1994. The Location of Culture (London, Routledge)</mixed-citation>
         </ref>
         <ref id="d11531e245a1310">
            <mixed-citation id="d11531e249" publication-type="other">
Dyer, R. 1997. White (London and New York, Routledge)</mixed-citation>
         </ref>
         <ref id="d11531e256a1310">
            <mixed-citation id="d11531e260" publication-type="other">
Ellison, R. 1964. Shadow and Act (New York, Seeker and Warburg)</mixed-citation>
         </ref>
         <ref id="d11531e267a1310">
            <mixed-citation id="d11531e271" publication-type="other">
2004. 'Richard Wright's Blues', in The Norton Anthology of African- American Literature, ed. H. Gates and N.
McKay (New York and London, Norton), pp. 1,538-48.</mixed-citation>
         </ref>
         <ref id="d11531e281a1310">
            <mixed-citation id="d11531e285" publication-type="other">
Felder, H. 1984. 'Scratch'n'Smiths', Sounds, 25 February 1984. Available online, http://smiths.arcane
oldwardrobe.com/interviews/1985/</mixed-citation>
         </ref>
         <ref id="d11531e295a1310">
            <mixed-citation id="d11531e299" publication-type="other">
Gilroy, P. 2001. Between Camps: Nations, Cultures and the Allure of Race (London, Penguin)</mixed-citation>
         </ref>
         <ref id="d11531e307a1310">
            <mixed-citation id="d11531e311" publication-type="other">
2004. After Empire: Melancholia or Convivial Culture? (Abingdon, Oxfordshire, Routledee)</mixed-citation>
         </ref>
         <ref id="d11531e318a1310">
            <mixed-citation id="d11531e322" publication-type="other">
Guralnick, P. 1989. Searching for Robert Johnson (London, Seeker and Warburg)</mixed-citation>
         </ref>
         <ref id="d11531e329a1310">
            <mixed-citation id="d11531e333" publication-type="other">
Gussow, A. 2002. Seems Like Murder in Here: Southern Violence and the Blues Tradition (Chicago and London,
Chicago University Press)</mixed-citation>
         </ref>
         <ref id="d11531e343a1310">
            <mixed-citation id="d11531e347" publication-type="other">
Hall, S. 1996. Stuart Hall: Critical Dialogues in Cultural Studies, ed. D. Morley and K. Chen (London and New
York: Routledge), pp. 411-40.</mixed-citation>
         </ref>
         <ref id="d11531e357a1310">
            <mixed-citation id="d11531e361" publication-type="other">
Harrison, T. 1987. 'v.', in Selected Poems (London, Faber and Faber), pp. 235-49</mixed-citation>
         </ref>
         <ref id="d11531e368a1310">
            <mixed-citation id="d11531e372" publication-type="other">
Holden, S. 1991. 'Out of the mainstream', New York Times, 17 July 1991. Available online, http://web.lexis-
nexis.com/executive/</mixed-citation>
         </ref>
         <ref id="d11531e383a1310">
            <mixed-citation id="d11531e387" publication-type="other">
Jameson, F. 1992. Postmodernism, or, The Cultural Logic of Late Capitalism (London and New York, Verso)</mixed-citation>
         </ref>
         <ref id="d11531e394a1310">
            <mixed-citation id="d11531e398" publication-type="other">
Jungr, B. 2002. 'Vocal expression in the blues and gospel', in The Cambridge Companion to Blues and Gospel
Music, ed. A. Moore (Cambridge and New York, Cambridge University Press), pp. 102-16</mixed-citation>
         </ref>
         <ref id="d11531e408a1310">
            <mixed-citation id="d11531e412" publication-type="other">
Kent, N. 1985. 'Dreamer in the real world', The Face, May 1985. Available online, http:/ /smiths
.arcaneoldwardrobe.com/interviews/1985/</mixed-citation>
         </ref>
         <ref id="d11531e422a1310">
            <mixed-citation id="d11531e426" publication-type="other">
Langlois, T. 1992. 'Can you feel it? DJs and House Music culture in the UK', Popular Music, 11, pp. 229-38</mixed-citation>
         </ref>
         <ref id="d11531e433a1310">
            <mixed-citation id="d11531e437" publication-type="other">
McCormick, N. 1984. 'All men have secrets: And these are Morrissey's', Hot Press, 4 May. Available online,
http://foreverill.com/interviews/1984/mm84.htm</mixed-citation>
         </ref>
         <ref id="d11531e447a1310">
            <mixed-citation id="d11531e451" publication-type="other">
McCullough, D. 1983. 'Handsome Devils', Sounds, 4 June. Available online, http://foreverill.com/
interviews/ 1983/soundsl .htm</mixed-citation>
         </ref>
         <ref id="d11531e462a1310">
            <mixed-citation id="d11531e466" publication-type="other">
Morrison, T. 1992. Playing in the Dark: Whiteness and the Literary Imagination (New York, Vintage)</mixed-citation>
         </ref>
         <ref id="d11531e473a1310">
            <mixed-citation id="d11531e477" publication-type="other">
1992. lazz (London. Chatto and Windus)</mixed-citation>
         </ref>
         <ref id="d11531e484a1310">
            <mixed-citation id="d11531e488" publication-type="other">
MSN Music Guide. 2005. Available online, http://music.msn.com/artist/default.aspx7artist =16074863</mixed-citation>
         </ref>
         <ref id="d11531e495a1310">
            <mixed-citation id="d11531e499" publication-type="other">
Murray, A. 2000. Stomping the Blues (New York)</mixed-citation>
         </ref>
         <ref id="d11531e506a1310">
            <mixed-citation id="d11531e510" publication-type="other">
Owen, F. 1986. 'Home thoughts from abroad', Melody Maker, 27 September 1986. Available online,
http://smiths.arcaneoldwardrobe.com/interviews/1986/abroad.htm</mixed-citation>
         </ref>
         <ref id="d11531e520a1310">
            <mixed-citation id="d11531e524" publication-type="other">
Palmer, R. 1985. 'The pop life; new disk by Smiths is a hit', New York Times, 6 March 1985. Available online,
http://web.lexis-nexis.com/executive/</mixed-citation>
         </ref>
         <ref id="d11531e535a1310">
            <mixed-citation id="d11531e539" publication-type="other">
Recoil. 2005. 'Dave Allen Interview'. Available online, http://www.gangoffour.us/interviews.php</mixed-citation>
         </ref>
         <ref id="d11531e546a1310">
            <mixed-citation id="d11531e550" publication-type="other">
Reed, R. 1990. 'The end', in Downhome Blues Lyrics: An Anthology from the Post-World War II Era, ed. J. Titon
(Urbana and Chicago, University of Illinois Press)</mixed-citation>
         </ref>
         <ref id="d11531e560a1310">
            <mixed-citation id="d11531e564" publication-type="other">
Reynolds, S. 2005. Rip it Up and Start Again: Post-punk 1978-84 (London, Faber and Faber)</mixed-citation>
         </ref>
         <ref id="d11531e571a1310">
            <mixed-citation id="d11531e575" publication-type="other">
Rosemont, F. 1973. 'Preface', in Blues and the Poetic Spirit, P. Garon (London, Eddison), pp. 1-10</mixed-citation>
         </ref>
         <ref id="d11531e582a1310">
            <mixed-citation id="d11531e586" publication-type="other">
Simpson, D. 2005. 'Jerky, punky, funky', The Guardian, 7 January 2005. Available online, http://
www.guardian.co.uk/arts/fridayreview/story/0,,1384337,00.html#article_continue</mixed-citation>
         </ref>
         <ref id="d11531e596a1310">
            <mixed-citation id="d11531e600" publication-type="other">
Sontag, S. 1967. 'Notes on "camp"', in Against Interpretation (London, Eyre and Spottiswoode), pp. 275-92</mixed-citation>
         </ref>
         <ref id="d11531e608a1310">
            <mixed-citation id="d11531e612" publication-type="other">
Stringer, J. 1999. 'The Smiths: repressed (but remarkably dressed)', Popular Music, 11, pp. 15-26</mixed-citation>
         </ref>
         <ref id="d11531e619a1310">
            <mixed-citation id="d11531e623" publication-type="other">
Tannembaum, A. 1980. 'Britain's 'Ska' Kings', Newsweek, 7 April 1980, p. 74</mixed-citation>
         </ref>
      </ref-list>
      <ref-list>
         <title>Discography</title>
         <ref id="d11531e639a1310">
            <mixed-citation id="d11531e643" publication-type="other">
Gang of Four, 'Damaged Goods', 'Return the Gift' and 'Contract', Entertainment. EMI, CZ 541. 1980</mixed-citation>
         </ref>
         <ref id="d11531e650a1310">
            <mixed-citation id="d11531e654" publication-type="other">
Robert Johnson, 'Kindhearted Woman', Robert Johnson, the Complete Recordings. Columbia, C2K 46222. 1990</mixed-citation>
         </ref>
         <ref id="d11531e661a1310">
            <mixed-citation id="d11531e665" publication-type="other">
Little Walter, Boss Blues Harmonia. Chess, 600118. 1996</mixed-citation>
         </ref>
         <ref id="d11531e672a1310">
            <mixed-citation id="d11531e676" publication-type="other">
Pulp, A Different Class. Island, ILPS 8041. 1995</mixed-citation>
         </ref>
         <ref id="d11531e684a1310">
            <mixed-citation id="d11531e688" publication-type="other">
The Smiths, 'Hand in Glove'. Rough Trade, RT131. 1983
'Miserable Lie', The Smiths. Rough Trade, ROUGH 61. 1984</mixed-citation>
         </ref>
         <ref id="d11531e698a1310">
            <mixed-citation id="d11531e702" publication-type="other">
'This Night has Opened My Eyes', 'William, it was Really Nothing' and 'Please, Please, Please, Let Me Get
Want', Hatful of Hollow. Rough Trade, ROUGH 76. 1984</mixed-citation>
         </ref>
         <ref id="d11531e712a1310">
            <mixed-citation id="d11531e716" publication-type="other">
'Rusholme Ruffians' and 'Nowhere Fast', Meat is Murder. Rough Trade, ROUGH 81. 1985</mixed-citation>
         </ref>
         <ref id="d11531e723a1310">
            <mixed-citation id="d11531e727" publication-type="other">
'The Queen is Dead', 'I Know It's Over' and 'Frankly, Mr. Shankly', The Queen is Dead. Rough Trade,
ROUGH 96. 1986</mixed-citation>
         </ref>
         <ref id="d11531e737a1310">
            <mixed-citation id="d11531e741" publication-type="other">
'Rubber Ring', The World Won't Listen. Rough Trade, ROUGH 101. 1986</mixed-citation>
         </ref>
         <ref id="d11531e748a1310">
            <mixed-citation id="d11531e752" publication-type="other">
'A Rush and a Push' and 'Last Night I Dreamt that Somebody Loved Me', Strangeways Here We Come.
Rough Trade, ROUGH 106. 1987</mixed-citation>
         </ref>
         <ref id="d11531e763a1310">
            <mixed-citation id="d11531e767" publication-type="other">
Sonny Boy Williamson, Goin' in Your Direction. Trumpet, AA-801. 1991</mixed-citation>
         </ref>
      </ref-list>
   </back>
</article>
