<article dtd-version="1.0" article-type="research-article">
   <front>
      <journal-meta>
         <journal-id xmlns:xlink="http://www.w3.org/1999/xlink" journal-id-type="jstor">popularmusic</journal-id>
         <journal-id xmlns:xlink="http://www.w3.org/1999/xlink" journal-id-type="jstor">j100590</journal-id>
         <journal-title-group xmlns:xlink="http://www.w3.org/1999/xlink">
            <journal-title>Popular Music</journal-title>
         </journal-title-group>
         <publisher>
            <publisher-name>Cambridge University Press</publisher-name>
         </publisher>
         <issn xmlns:xlink="http://www.w3.org/1999/xlink" pub-type="ppub">02611430</issn>
         <issn xmlns:xlink="http://www.w3.org/1999/xlink" pub-type="epub">14740095</issn>
      </journal-meta>
      <article-meta>
         <article-id xmlns:xlink="http://www.w3.org/1999/xlink" pub-id-type="jstor">40212382</article-id>
         <article-id pub-id-type="pub-doi">10.1017/S0261143008004108</article-id>
         <article-categories>
            <subj-group>
               <subject>Middle Eight</subject>
            </subj-group>
         </article-categories>
         <title-group>
            <article-title>Canadian Content Regulations and the Formation of a National Scene</article-title>
         </title-group>
         <contrib-group>
            <contrib>
               <string-name xmlns:xlink="http://www.w3.org/1999/xlink">
                  <given-names>Scott</given-names>
                  <surname>Henderson</surname>
               </string-name>
            </contrib>
         </contrib-group>
         <pub-date xmlns:xlink="http://www.w3.org/1999/xlink">
            <day>1</day>
            <month>5</month>
            <year>2008</year>
         </pub-date>
         <volume>27</volume>
         <issue>2</issue>
         <issue-id xmlns:xlink="http://www.w3.org/1999/xlink">i40007219</issue-id>
         <fpage>307</fpage>
         <lpage>315</lpage>
         <permissions>
            <copyright-statement>Copyright 2008 Cambridge University Press</copyright-statement>
         </permissions>
         <self-uri xmlns:xlink="http://www.w3.org/1999/xlink"
                   xlink:href="http://www.jstor.org/stable/40212382"/>
         <abstract>
            <p>This article addresses the ongoing impact of Canadian Content Regulations as applied to commercial radio. While commercial broadcasters have repeatedly called for a relaxation of the regulations in response to the changing music industry, particularly the increased impact of the Internet, it is possible to demonstrate that the regulations have had a positive impact on Canadian listening habits. An examination of the 'national' charts provided by Last. fm, a website that tracks users' listening habits, shows that Canadian users listen to Canadian tracks in excess of the amounts currently regulated for radio. Commercial broadcasters' claims that the regulations prevent them from competing fairly with new technology thus run counter to such evidence. As official charts, and hence commercial playlists are still reliant on older modes of tracking music, via in-store purchases, an incomplete picture of the current state of the industry exists, and it is this picture that seems to shape the claims made by the commercial industry. Additionally, this paper explores the rise of a successful Canadian 'scene', spearheaded by bands such as Arcade Fire and Broken Social Scene, that demonstrates the impact of policy in creating a national music culture that is confident enough to no longer have to be explicitly Canadian, either sonically or lyrically. Cancon regulations would appear to have aided in situating Canadian acts comfortably within a wider music culture within Canada.</p>
         </abstract>
         <custom-meta-group xmlns:xlink="http://www.w3.org/1999/xlink">
            <custom-meta>
               <meta-name>lang</meta-name>
               <meta-value>eng</meta-value>
            </custom-meta>
         </custom-meta-group>
      </article-meta>
   </front>
   <back>
      <ref-list>
         <title>Endnote</title>
         <ref id="d5774e126a1310">
            <label>1</label>
            <mixed-citation id="d5774e135" publication-type="other">
CAB/
ACR2006,p.94</mixed-citation>
         </ref>
      </ref-list>
      <ref-list>
         <title>References</title>
         <ref id="d5774e154a1310">
            <mixed-citation id="d5774e158" publication-type="other">
Bennett, A. 2004. 'New tales from Canterbury: the making of a virtual scene', in Music Scenes: Local,
Translocal and Virtual, ed. A. Bennett and R.A. Peterson (Nashville, Vanderbilt University Press),
pp. 205-20</mixed-citation>
         </ref>
         <ref id="d5774e171a1310">
            <mixed-citation id="d5774e175" publication-type="other">
Canadian Association of Broadcasters (CAB/ACR). 2006. Then . . . Now: Private Radio's Changing Realities,
accessed 16 March 2006, &lt;http://www.cab-acr.ca/Enelish/research/06/sub mar1506.pdf</mixed-citation>
         </ref>
         <ref id="d5774e185a1310">
            <mixed-citation id="d5774e189" publication-type="other">
Canadian Radio-television and Telecommunications Commission (CRTC). 1998. Commercial Radio Policy
1998, accessed 20 February 2006, &lt;http://www.crtc.gc.ca/archive/ENG/Notices/1998/PB98-41.htm&gt;</mixed-citation>
         </ref>
         <ref id="d5774e199a1310">
            <mixed-citation id="d5774e203" publication-type="other">
2001. Fact Sheet: The MAPL System, accessed 10 February 2006, &lt;http://www.crtc.gc.ca/eng/
INFO_SHT/R1.htm</mixed-citation>
         </ref>
         <ref id="d5774e214a1310">
            <mixed-citation id="d5774e218" publication-type="other">
2002. Fact Sheet: Commercial Radio-Content Issues, accessed 10 February 2006, &lt;http://www.crtc.gc.ca/
eng/INFO_SHT/R3.HTM</mixed-citation>
         </ref>
         <ref id="d5774e228a1310">
            <mixed-citation id="d5774e232" publication-type="other">
2006. 'News Release: CRTC announces results of its commercial radio policy review: increases funding
for Canadian content development', accessed 28 December 2006, &lt;http://www.crtc.gc.ca/eng/NEWS/
RELEASES/2006/r061215.htm&gt;</mixed-citation>
         </ref>
         <ref id="d5774e245a1310">
            <mixed-citation id="d5774e249" publication-type="other">
Canoe-Jam! 2006. Music Sound Scan Charts (Albums), accessed 27 February 2006, &lt;http://jam.canoe.ca/
Music/Charts/ALBUMS.html&gt;</mixed-citation>
         </ref>
         <ref id="d5774e259a1310">
            <mixed-citation id="d5774e263" publication-type="other">
2006a. Music Sound Scan Charts (Singles), accessed 27 February 2006, &lt;http://jam.canoe.ca/Music/
Charts/SINGLES.html&gt;</mixed-citation>
         </ref>
         <ref id="d5774e273a1310">
            <mixed-citation id="d5774e277" publication-type="other">
2006b. Music Sound Scan Charts: The Hits Charts (Airplay): Top 100 Singles, accessed 27 February 2006,
&lt;http://jam.canoe.ca/Music/Charts/BDS_1.html&gt;</mixed-citation>
         </ref>
         <ref id="d5774e287a1310">
            <mixed-citation id="d5774e291" publication-type="other">
Ciminelli, E. 2006. Giving It Back to the Kids, PopMatters.com, accessed 2 March 2006, &lt;http://
www.popmatters.com/music/interviews/broken-social-scene-060124.shtml&gt;</mixed-citation>
         </ref>
         <ref id="d5774e302a1310">
            <mixed-citation id="d5774e306" publication-type="other">
Department of Canadian Heritage. 2001. Canadian Content Rules, accessed 28 December 2006, &lt;http://
www.pch.gc.ca/progs/ac-ca/pubs/can-con/can_con.html&gt;</mixed-citation>
         </ref>
         <ref id="d5774e316a1310">
            <mixed-citation id="d5774e320" publication-type="other">
2004. The Canadian Music Industry: 2004 Economic Profile, accessed 10 February 2006, &lt;http://www.pch.
gc.ca/pc-ch/sujets-subjects/arts-culture/sonore-sound/music_mdustry/music_industry_e.pdf&gt;</mixed-citation>
         </ref>
         <ref id="d5774e330a1310">
            <mixed-citation id="d5774e334" publication-type="other">
Frith, S. 2006. 'The industrialization of music', in The Popular Music Studies Reader, ed. A. Bennett, B. Shank
and J. Toynbee (London, Routledge), pp. 231-8</mixed-citation>
         </ref>
         <ref id="d5774e344a1310">
            <mixed-citation id="d5774e348" publication-type="other">
Grant, B.K. 1986. ' "Across the great divide": imitation and inflection in Canadian rock music', Journal of
Canadian Studies, 21/1, pp. 116-27</mixed-citation>
         </ref>
         <ref id="d5774e358a1310">
            <mixed-citation id="d5774e362" publication-type="other">
Last.fm. 2006a. Canada Country Page, accessed 27 February 2006, &lt;http://www.last.fm/place/Canada&gt;</mixed-citation>
         </ref>
         <ref id="d5774e369a1310">
            <mixed-citation id="d5774e373" publication-type="other">
2006b. 'Weekly Artist chart for the week prior to Sunday February 26, 2006', Accessed 27 February 2006,
&lt;http://www.last.fm/charts/track&gt;</mixed-citation>
         </ref>
         <ref id="d5774e384a1310">
            <mixed-citation id="d5774e388" publication-type="other">
2006c. 'Weekly Track chart for the week prior to Sunday February 26, 2006', accessed 27 February 2006,
&lt;http: / / www.last.fm/charts/artist&gt;</mixed-citation>
         </ref>
         <ref id="d5774e398a1310">
            <mixed-citation id="d5774e402" publication-type="other">
McBride, J. 2005. 'Big band theory', Toronto Life, November 2005, pp. 39-43</mixed-citation>
         </ref>
         <ref id="d5774e409a1310">
            <mixed-citation id="d5774e413" publication-type="other">
Pacienza, A. 2006. 'Canuck bands turned heads around the world in 2005', CTV.ca, accessed 2 March 2006
&lt;http://www.ctv.ca/servlet/ ArticleNews/20051214/year_music_051214?s_name=Junos2006&amp;no-
ads=&gt;</mixed-citation>
         </ref>
         <ref id="d5774e426a1310">
            <mixed-citation id="d5774e430" publication-type="other">
Testa, B., and Shedden, J. 2002. 'In the great Midwestern hardware store: the seventies triumph in
English-Canadian rock music', in Slippery Pastimes: Reading the Popular in Canadian Culture, ed. J. Nicks
and J. Sloniowski (Waterloo, Wilfred Laurier University Press), pp. 177-216</mixed-citation>
         </ref>
         <ref id="d5774e443a1310">
            <mixed-citation id="d5774e447" publication-type="other">
Wright, R. 1987. ' "Dream, comfort, memory, despair": Canadian popular musicians and the dilemma of
nationalism, 1968-1972', Journal of Canadian Studies, 22/4, pp. 27-43</mixed-citation>
         </ref>
      </ref-list>
      <ref-list>
         <title>Discography</title>
         <ref id="d5774e466a1310">
            <mixed-citation id="d5774e470" publication-type="other">
Bryan Adams, Waking Up the Neighbours. A&amp;M, 75021-5367-2. 1991</mixed-citation>
         </ref>
         <ref id="d5774e477a1310">
            <mixed-citation id="d5774e481" publication-type="other">
Arcade Fire, 'Neighborhood#1 (Tunnels)', Funeral. Merge Records, MRG 255. 2004</mixed-citation>
         </ref>
         <ref id="d5774e488a1310">
            <mixed-citation id="d5774e492" publication-type="other">
Broken Social Scene, 'Anthems for a Seventeen Year Old Girl, You Forgot It In People. Arts and Cratts
Records, A&amp;C001. 2003</mixed-citation>
         </ref>
         <ref id="d5774e502a1310">
            <mixed-citation id="d5774e506" publication-type="other">
Metric, 'Monster Hospital', Live It Out. Last Gang, 00908. 2005</mixed-citation>
         </ref>
         <ref id="d5774e514a1310">
            <mixed-citation id="d5774e518" publication-type="other">
Stars, 'Your Ex-Lover is Dead', Set Yourself on Fire. Arts and Crafts Records, ACS9. 2005</mixed-citation>
         </ref>
         <ref id="d5774e525a1310">
            <mixed-citation id="d5774e529" publication-type="other">
The Tragically Hip, Fully Completely. MCA/Universal Music, MCAD-10700. 1992</mixed-citation>
         </ref>
      </ref-list>
   </back>
</article>
