<article dtd-version="1.0" article-type="research-article">
   <front>
      <journal-meta>
         <journal-id xmlns:xlink="http://www.w3.org/1999/xlink" journal-id-type="jstor">popularmusic</journal-id>
         <journal-id xmlns:xlink="http://www.w3.org/1999/xlink" journal-id-type="jstor">j100590</journal-id>
         <journal-title-group xmlns:xlink="http://www.w3.org/1999/xlink">
            <journal-title>Popular Music</journal-title>
         </journal-title-group>
         <publisher>
            <publisher-name>Cambridge University Press</publisher-name>
         </publisher>
         <issn xmlns:xlink="http://www.w3.org/1999/xlink" pub-type="ppub">02611430</issn>
         <issn xmlns:xlink="http://www.w3.org/1999/xlink" pub-type="epub">14740095</issn>
      </journal-meta>
      <article-meta>
         <article-id xmlns:xlink="http://www.w3.org/1999/xlink" pub-id-type="jstor">4500321</article-id>
         <title-group>
            <article-title>The Hendrix Chord: Blues, Flexible Pitch Relationships, and Self-Standing Harmony</article-title>
         </title-group>
         <contrib-group>
            <contrib>
               <string-name xmlns:xlink="http://www.w3.org/1999/xlink">
                  <given-names>Rob</given-names>
                  <surname>van der Bliek</surname>
               </string-name>
            </contrib>
         </contrib-group>
         <pub-date xmlns:xlink="http://www.w3.org/1999/xlink">
            <day>1</day>
            <month>5</month>
            <year>2007</year>
         </pub-date>
         <volume>26</volume>
         <issue>2</issue>
         <issue-id xmlns:xlink="http://www.w3.org/1999/xlink">i405387</issue-id>
         <fpage>343</fpage>
         <lpage>364</lpage>
         <page-range>343-364</page-range>
         <permissions>
            <copyright-statement>Copyright 2007 Cambridge University Press</copyright-statement>
         </permissions>
         <self-uri xmlns:xlink="http://www.w3.org/1999/xlink"
                   xlink:href="http://www.jstor.org/stable/4500321"/>
         <abstract>
            <p>Jimi Hendrix was often characterised by his exotic appearance and extravagant performance, but underneath these trappings was an extraordinary guitarist who managed to transform some of the key elements of blues and rhythm-and-blues traditions. An important feature of Hendrix's music is his characteristic use of the seventh chord with a sharp ninth, or the augmented ninth chord, now often referred to as the 'Hendrix chord'. This paper examines some ways in which Hendrix used this chord by surveying and drawing comparisons between various instances. It is not necessarily the fully voiced version of the chord that Hendrix used, but interval combinations drawn from or related to it, with particular timbres and articulations. Together these define what might be called a 'sharp ninth sound'. Through register placement, timbre, articulation, and chordal function, it is intimately tied to the blues idiom, adding a blues tonal element. This is one aspect of Hendrix's music, then, that shows his deep roots in the blues.</p>
         </abstract>
         <custom-meta-group xmlns:xlink="http://www.w3.org/1999/xlink">
            <custom-meta>
               <meta-name>lang</meta-name>
               <meta-value>eng</meta-value>
            </custom-meta>
         </custom-meta-group>
      </article-meta>
   </front>
   <back>
      <ref-list>
         <title>Endnotes</title>
         <ref id="d4119e379a1310">
            <label>3</label>
            <mixed-citation id="d4119e386" publication-type="other">
Guitar Axis Quick Tips of the Create
section of the Experience Music Project website
(www.emplive.com)</mixed-citation>
         </ref>
         <ref id="d4119e399a1310">
            <label>4</label>
            <mixed-citation id="d4119e406" publication-type="other">
Hendrix's performances
on the studio albums, Are You Experienced, Axis:
Bold as Love, Electric Ladyland and First Rays of
the New Rising Sun [Cry of Love]</mixed-citation>
         </ref>
         <ref id="d4119e422a1310">
            <label>6</label>
            <mixed-citation id="d4119e431" publication-type="other">
Tallmadge
(1984)</mixed-citation>
            <mixed-citation id="d4119e440" publication-type="other">
ibid., p. 163</mixed-citation>
            <mixed-citation id="d4119e447" publication-type="other">
Kubik
1999, p. 123</mixed-citation>
            <mixed-citation id="d4119e456" publication-type="other">
Evans 2001, p. 642</mixed-citation>
         </ref>
         <ref id="d4119e463a1310">
            <label>7</label>
            <mixed-citation id="d4119e470" publication-type="other">
Dauer (1979)</mixed-citation>
         </ref>
         <ref id="d4119e478a1310">
            <label>8</label>
            <mixed-citation id="d4119e487" publication-type="other">
Titon 1994[1977], p. 154</mixed-citation>
            <mixed-citation id="d4119e493" publication-type="other">
ibid., p. 297</mixed-citation>
         </ref>
         <ref id="d4119e500a1310">
            <label>9</label>
            <mixed-citation id="d4119e507" publication-type="other">
Hanford 2003, p. 104</mixed-citation>
         </ref>
         <ref id="d4119e514a1310">
            <label>10</label>
            <mixed-citation id="d4119e521" publication-type="other">
'May This Be Love', the reference [2:04 AYE
186:I:1]</mixed-citation>
            <mixed-citation id="d4119e530" publication-type="other">
Are You Experienced (Transcribed Scores)</mixed-citation>
            <mixed-citation id="d4119e536" publication-type="other">
ABL is Axis: Bold
as Love (Transcribed Scores)</mixed-citation>
            <mixed-citation id="d4119e546" publication-type="other">
ELL is Electric Lady-
Land (Transcribed Scores)</mixed-citation>
            <mixed-citation id="d4119e555" publication-type="other">
FRNRS is First
Rays of the New Rising Sun (Guitar Recorded
Versions)</mixed-citation>
         </ref>
         <ref id="d4119e568a1310">
            <label>12</label>
            <mixed-citation id="d4119e575" publication-type="other">
Brown 1997</mixed-citation>
         </ref>
         <ref id="d4119e582a1310">
            <label>13</label>
            <mixed-citation id="d4119e589" publication-type="other">
van der Merwe 1989, p. 266</mixed-citation>
            <mixed-citation id="d4119e595" publication-type="other">
ibid., p. 125</mixed-citation>
         </ref>
         <ref id="d4119e602a1310">
            <label>14</label>
            <mixed-citation id="d4119e609" publication-type="other">
Hanford 2003, p. 64</mixed-citation>
            <mixed-citation id="d4119e615" publication-type="other">
ibid., p. 65</mixed-citation>
            <mixed-citation id="d4119e621" publication-type="other">
Keith Shadwick's Jimi Hendrix: Musician
Shadwick 2003</mixed-citation>
            <mixed-citation id="d4119e631" publication-type="other">
Milkowski 2001, p. 45</mixed-citation>
         </ref>
         <ref id="d4119e639a1310">
            <label>16</label>
            <mixed-citation id="d4119e648" publication-type="other">
Chuck Berry's 'Beautiful Delilah' was recorded
in May 1958 and was originally released as a
Chess single</mixed-citation>
            <mixed-citation id="d4119e660" publication-type="other">
The
Beatles' 'The Word' was recorded in November
1965 and released on the Parlophone album
Rubber Soul</mixed-citation>
         </ref>
         <ref id="d4119e676a1310">
            <label>17</label>
            <mixed-citation id="d4119e683" publication-type="other">
'Testify, Parts 1 and 2' was recorded March 1964
by the Isley Brothers and released later that year
as a 45 RPM single on the T-Neck label</mixed-citation>
         </ref>
         <ref id="d4119e696a1310">
            <label>18</label>
            <mixed-citation id="d4119e703" publication-type="other">
'Last Night' and 'Shotgun' are available on The
Complete PPX Recordings (SPV Recordings: SPV
088-29802), a six-disc set released in 2000</mixed-citation>
            <mixed-citation id="d4119e715" publication-type="other">
'Un-
der the Table' is available on Jimi Hendrix: The
Early Years (Charley Records CDCD 1189),
released in 1994</mixed-citation>
         </ref>
         <ref id="d4119e731a1310">
            <label>20</label>
            <mixed-citation id="d4119e738" publication-type="other">
Everett 2004 (pp. 19-20)</mixed-citation>
         </ref>
         <ref id="d4119e745a1310">
            <label>21</label>
            <mixed-citation id="d4119e752" publication-type="other">
Hanford 2003, p. 67</mixed-citation>
         </ref>
         <ref id="d4119e759a1310">
            <label>26</label>
            <mixed-citation id="d4119e768" publication-type="other">
'Chugs' is a descriptive term coined by Andy
Aledort</mixed-citation>
            <mixed-citation id="d4119e777" publication-type="other">
Aledort 1995, p. 66</mixed-citation>
         </ref>
         <ref id="d4119e785a1310">
            <label>30</label>
            <mixed-citation id="d4119e792" publication-type="other">
Hanford
(2003)</mixed-citation>
         </ref>
      </ref-list>
      <ref-list>
         <title>References</title>
         <ref id="d4119e811a1310">
            <mixed-citation id="d4119e815" publication-type="book">
Brown, Matthew. 1997. 'Little Wing: A Study in Musical Cognition', in Understanding Rock: Essays in
Musical Analysis (New York: Oxford), pp. 155-169<person-group>
                  <string-name xmlns:xlink="http://www.w3.org/1999/xlink">
                     <surname>Brown</surname>
                  </string-name>
               </person-group>
               <comment content-type="section">Little Wing: A Study in Musical Cognition</comment>
               <fpage>155</fpage>
               <source>Understanding Rock: Essays in Musical Analysis</source>
               <year>1997</year>
            </mixed-citation>
         </ref>
         <ref id="d4119e847a1310">
            <mixed-citation id="d4119e851" publication-type="journal">
Dauer, Alphons. 1979. 'Towards a Typology of the Vocal Blues Idiom', Jazzforschung 11, pp. 9-92<person-group>
                  <string-name xmlns:xlink="http://www.w3.org/1999/xlink">
                     <surname>Dauer</surname>
                  </string-name>
               </person-group>
               <fpage>9</fpage>
               <volume>11</volume>
               <source>Jazzforschung</source>
               <year>1979</year>
            </mixed-citation>
         </ref>
         <ref id="d4119e880a1310">
            <mixed-citation id="d4119e884" publication-type="book">
Evans, David. 2001. 'Blues', in The Garland Encyclopedia of World Music, Vol. 3: The United States and Canada
(New York: Garland), pp. 637-649<person-group>
                  <string-name xmlns:xlink="http://www.w3.org/1999/xlink">
                     <surname>Evans</surname>
                  </string-name>
               </person-group>
               <comment content-type="section">Blues</comment>
               <fpage>637</fpage>
               <source>The Garland Encyclopedia of World Music, Vol. 3: The United States and Canada</source>
               <year>2001</year>
            </mixed-citation>
         </ref>
         <ref id="d4119e916a1310">
            <mixed-citation id="d4119e920" publication-type="other">
Everett, Walter. 2004. 'Making Sense of Rock's Tonal Systems', Music Theory Online 10/4 [http:/ /
www.societymusictheory.org; accessed March 26, 2005]</mixed-citation>
         </ref>
         <ref id="d4119e931a1310">
            <mixed-citation id="d4119e935" publication-type="book">
Forte, Allen. 1995. The American Popular Ballad of the Golden Era, 1924-1950 (Princeton)<person-group>
                  <string-name xmlns:xlink="http://www.w3.org/1999/xlink">
                     <surname>Forte</surname>
                  </string-name>
               </person-group>
               <fpage>1924</fpage>
               <source>The American Popular Ballad of the Golden Era</source>
               <year>1995</year>
            </mixed-citation>
         </ref>
         <ref id="d4119e960a1310">
            <mixed-citation id="d4119e964" publication-type="other">
Hanford, John. 2003. 'With the Power of Soul: Jimi Hendrix in Band of Gypsys', Ph.D. dissertation,
University of Washington</mixed-citation>
         </ref>
         <ref id="d4119e974a1310">
            <mixed-citation id="d4119e978" publication-type="book">
Kubik, Gerhard. 1999. Africa and the Blues (University Press of Mississippi)<person-group>
                  <string-name xmlns:xlink="http://www.w3.org/1999/xlink">
                     <surname>Kubik</surname>
                  </string-name>
               </person-group>
               <source>Africa and the Blues</source>
               <year>1999</year>
            </mixed-citation>
         </ref>
         <ref id="d4119e1000a1310">
            <mixed-citation id="d4119e1004" publication-type="journal">
Milkowski, Bill. 2001 'Modern jazz axis: Bold as Jimi', JazzTimes, 31/6 (July/August 2001), pp. 42-55, 156<person-group>
                  <string-name xmlns:xlink="http://www.w3.org/1999/xlink">
                     <surname>Milkowski</surname>
                  </string-name>
               </person-group>
               <issue>6</issue>
               <fpage>42</fpage>
               <volume>31</volume>
               <source>JazzTimes</source>
               <year>2001</year>
            </mixed-citation>
         </ref>
         <ref id="d4119e1036a1310">
            <mixed-citation id="d4119e1040" publication-type="book">
Shadwick, Keith. 2003 Jimi Hendrix: Musician (San Francisco: Backbeat Books)<person-group>
                  <string-name xmlns:xlink="http://www.w3.org/1999/xlink">
                     <surname>Shadwick</surname>
                  </string-name>
               </person-group>
               <source>Jimi Hendrix: Musician</source>
               <year>2003</year>
            </mixed-citation>
         </ref>
         <ref id="d4119e1062a1310">
            <mixed-citation id="d4119e1066" publication-type="journal">
Tallmadge, William. 1984. 'Blue notes and blue tonality', The Black Perspective in Music, 12/2, pp. 155-165<object-id pub-id-type="doi">10.2307/1215019</object-id>
               <fpage>155</fpage>
            </mixed-citation>
         </ref>
         <ref id="d4119e1080a1310">
            <mixed-citation id="d4119e1084" publication-type="book">
Titon, Jeff Todd. 1994 [1977]. Early Downhome Blues: A Musical and Cultural Analysis, second edition (Chapel
Hill: University of North Carolina)<person-group>
                  <string-name xmlns:xlink="http://www.w3.org/1999/xlink">
                     <surname>Titon</surname>
                  </string-name>
               </person-group>
               <edition>2</edition>
               <source>Early Downhome Blues: A Musical and Cultural Analysis</source>
               <year>1994</year>
            </mixed-citation>
         </ref>
         <ref id="d4119e1113a1310">
            <mixed-citation id="d4119e1117" publication-type="book">
Van der Merwe, Peter. 1989. Origins of the Popular Style: The Antecedents of Twentieth-Century Music (Oxford)<person-group>
                  <string-name xmlns:xlink="http://www.w3.org/1999/xlink">
                     <surname>Van der Merwe</surname>
                  </string-name>
               </person-group>
               <source>Origins of the Popular Style: The Antecedents of Twentieth-Century Music</source>
               <year>1989</year>
            </mixed-citation>
         </ref>
         <ref id="d4119e1139a1310">
            <mixed-citation id="d4119e1143" publication-type="journal">
Weisethaunet, Hans. 2001. 'Is there such a thing as the "blue note"?', Popular Music 20/1, pp. 99-116<object-id pub-id-type="jstor">10.2307/853697</object-id>
               <fpage>99</fpage>
            </mixed-citation>
         </ref>
      </ref-list>
      <ref-list>
         <title>Scores</title>
         <ref id="d4119e1165a1310">
            <mixed-citation id="d4119e1169" publication-type="book">
Aledort, Andy. 1995. In Deep with Jimi Hendrix (Experience Hendrix, distributed by Hal Leonard)<person-group>
                  <string-name xmlns:xlink="http://www.w3.org/1999/xlink">
                     <surname>Aledort</surname>
                  </string-name>
               </person-group>
               <source>In Deep with Jimi Hendrix</source>
               <year>1995</year>
            </mixed-citation>
            <mixed-citation id="d4119e1190" publication-type="book">
1996. Are You Experienced (Transcribed Scores) (Experience Hendrix, distributed by Hal Leonard)<person-group>
                  <string-name xmlns:xlink="http://www.w3.org/1999/xlink">
                     <surname>Aledort</surname>
                  </string-name>
               </person-group>
               <source>Are You Experienced (Transcribed Scores)</source>
               <year>1996</year>
            </mixed-citation>
            <mixed-citation id="d4119e1211" publication-type="book">
1996. Axis: Bold as Love (Transcribed Scores) (Experience Hendrix, distributed by Hal Leonard)<person-group>
                  <string-name xmlns:xlink="http://www.w3.org/1999/xlink">
                     <surname>Aledort</surname>
                  </string-name>
               </person-group>
               <source>Axis: Bold as Love (Transcribed Scores)</source>
               <year>1996</year>
            </mixed-citation>
            <mixed-citation id="d4119e1232" publication-type="book">
1996. Electric Ladyland (Transcribed Scores) (Experience Hendrix, distributed by Hal Leonard)<person-group>
                  <string-name xmlns:xlink="http://www.w3.org/1999/xlink">
                     <surname>Aledort</surname>
                  </string-name>
               </person-group>
               <source>Electric Ladyland (Transcribed Scores)</source>
               <year>1996</year>
            </mixed-citation>
            <mixed-citation id="d4119e1254" publication-type="book">
1997. First Rays of the New Rising Sun (Guitar Recorded Versions) (Experience Hendrix, distributed by Hal
Leonard)<person-group>
                  <string-name xmlns:xlink="http://www.w3.org/1999/xlink">
                     <surname>Aledort</surname>
                  </string-name>
               </person-group>
               <source>First Rays of the New Rising Sun (Guitar Recorded Versions)</source>
               <year>1997</year>
            </mixed-citation>
         </ref>
      </ref-list>
      <ref-list>
         <title>Discography</title>
         <ref id="d4119e1288a1310">
            <mixed-citation id="d4119e1292" publication-type="book">
Hendrix, Jimi. Are You Experienced. Experience Hendrix MCASD-11602. 1997[1967]<person-group>
                  <string-name xmlns:xlink="http://www.w3.org/1999/xlink">
                     <surname>Hendrix</surname>
                  </string-name>
               </person-group>
               <source>Jimi. Are You Experienced</source>
               <year>1997</year>
            </mixed-citation>
         </ref>
         <ref id="d4119e1314a1310">
            <mixed-citation id="d4119e1318" publication-type="book">
Axis: Bold as Love. Experience Hendrix MCASD-11601. 1997[1967]<person-group>
                  <string-name xmlns:xlink="http://www.w3.org/1999/xlink">
                     <surname>Hendrix</surname>
                  </string-name>
               </person-group>
               <source>Axis: Bold as Love</source>
               <year>1997</year>
            </mixed-citation>
         </ref>
         <ref id="d4119e1340a1310">
            <mixed-citation id="d4119e1344" publication-type="book">
Electric Ladyland. Experience Hendrix MCASD-11600. 1997[1968]<person-group>
                  <string-name xmlns:xlink="http://www.w3.org/1999/xlink">
                     <surname>Hendrix</surname>
                  </string-name>
               </person-group>
               <source>Electric Ladyland</source>
               <year>1997</year>
            </mixed-citation>
         </ref>
         <ref id="d4119e1366a1310">
            <mixed-citation id="d4119e1370" publication-type="book">
First Rays of the New Rising Sun. Experience Hendrix MCASD-11599. 1997[1968]<person-group>
                  <string-name xmlns:xlink="http://www.w3.org/1999/xlink">
                     <surname>Hendrix</surname>
                  </string-name>
               </person-group>
               <source>First Rays of the New Rising Sun</source>
               <year>1997</year>
            </mixed-citation>
         </ref>
      </ref-list>
   </back>
</article>
