<article dtd-version="1.0" article-type="research-article">
   <front>
      <journal-meta>
         <journal-id xmlns:xlink="http://www.w3.org/1999/xlink" journal-id-type="jstor">popularmusic</journal-id>
         <journal-id xmlns:xlink="http://www.w3.org/1999/xlink" journal-id-type="jstor">j100590</journal-id>
         <journal-title-group xmlns:xlink="http://www.w3.org/1999/xlink">
            <journal-title>Popular Music</journal-title>
         </journal-title-group>
         <publisher>
            <publisher-name>Cambridge University Press</publisher-name>
         </publisher>
         <issn xmlns:xlink="http://www.w3.org/1999/xlink" pub-type="ppub">02611430</issn>
         <issn xmlns:xlink="http://www.w3.org/1999/xlink" pub-type="epub">14740095</issn>
      </journal-meta>
      <article-meta>
         <article-id xmlns:xlink="http://www.w3.org/1999/xlink" pub-id-type="jstor">4500305</article-id>
         <title-group>
            <article-title>Feelin' Bad This Morning: Why the British Blues?</article-title>
         </title-group>
         <contrib-group>
            <contrib contrib-type="author">
               <string-name xmlns:xlink="http://www.w3.org/1999/xlink">
                  <given-names>Dave</given-names>
                  <surname>Allen</surname>
               </string-name>
            </contrib>
         </contrib-group>
         <pub-date xmlns:xlink="http://www.w3.org/1999/xlink">
            <day>1</day>
            <month>1</month>
            <year>2007</year>
         </pub-date>
         <volume>26</volume>
         <issue>1</issue>
         <issue-id xmlns:xlink="http://www.w3.org/1999/xlink">i405526</issue-id>
         <fpage>141</fpage>
         <lpage>156</lpage>
         <page-range>141-156</page-range>
         <permissions>
            <copyright-statement>Copyright 2007 Cambridge University Press</copyright-statement>
         </permissions>
         <self-uri xmlns:xlink="http://www.w3.org/1999/xlink"
                   xlink:href="http://www.jstor.org/stable/4500305"/>
         <abstract>
            <p>This paper considers the Mike Figgis film Red, White &amp; Blues as a history of blues music in Britain. The film was produced as part of a series celebrating the centenary of the blues, and not unnaturally its British focus begins with the 1950s and 1960s. The paper argues, however, that it is an incomplete history because it fails to consider how the British blues genre and scene developed subsequently. It also argues that the film focuses too much on the memories and performances of the musicians. It fails to consider the industrial context in which any 'new' genre can emerge, and pays almost no attention to the role of its consumers, the audiences and fans across the country that were an integral part of its development. The paper suggests that research into that aspect of the British blues scene would complement the various documentary accounts of the music and musicians.</p>
         </abstract>
         <custom-meta-group xmlns:xlink="http://www.w3.org/1999/xlink">
            <custom-meta>
               <meta-name>lang</meta-name>
               <meta-value>eng</meta-value>
            </custom-meta>
         </custom-meta-group>
      </article-meta>
   </front>
   <back>
      <ref-list>
         <title>Endnotes</title>
         <ref id="d3037e122a1310">
            <label>4</label>
            <mixed-citation id="d3037e129" publication-type="other">
Discography</mixed-citation>
         </ref>
      </ref-list>
      <ref-list>
         <title>References</title>
         <ref id="d3037e145a1310">
            <mixed-citation id="d3037e149" publication-type="book">
Barnes, R. 1979. Mods! (London, Plexus)<person-group>
                  <string-name xmlns:xlink="http://www.w3.org/1999/xlink">
                     <surname>Barnes</surname>
                  </string-name>
               </person-group>
               <source>Mods!</source>
               <year>1979</year>
            </mixed-citation>
         </ref>
         <ref id="d3037e171a1310">
            <mixed-citation id="d3037e175" publication-type="book">
Brunning, B. 1995. Blues in Britain: The History 1950s to the Present, 2nd edn (Poole, Blandford Press)<person-group>
                  <string-name xmlns:xlink="http://www.w3.org/1999/xlink">
                     <surname>Brunning</surname>
                  </string-name>
               </person-group>
               <edition>2</edition>
               <source>Blues in Britain: The History 1950s to the Present</source>
               <year>1995</year>
            </mixed-citation>
         </ref>
         <ref id="d3037e200a1310">
            <mixed-citation id="d3037e204" publication-type="book">
Charters, S. 1961. The Country Blues (London, The Jazz Book Club)<person-group>
                  <string-name xmlns:xlink="http://www.w3.org/1999/xlink">
                     <surname>Charters</surname>
                  </string-name>
               </person-group>
               <source>The Country Blues</source>
               <year>1961</year>
            </mixed-citation>
         </ref>
         <ref id="d3037e226a1310">
            <mixed-citation id="d3037e230" publication-type="book">
Coral, G., Hinckley, D., and Rodman, D. 1995. The Rolling Stones: Black &amp; White Blues 1963 (Atlanta, Turner
Publishing)<person-group>
                  <string-name xmlns:xlink="http://www.w3.org/1999/xlink">
                     <surname>Coral</surname>
                  </string-name>
               </person-group>
               <source>The Rolling Stones: Black &amp; White Blues 1963</source>
               <year>1995</year>
            </mixed-citation>
         </ref>
         <ref id="d3037e256a1310">
            <mixed-citation id="d3037e260" publication-type="book">
Davis, F. 1995. The History of the Blues (London, Secker &amp; Warburg)<person-group>
                  <string-name xmlns:xlink="http://www.w3.org/1999/xlink">
                     <surname>Davis</surname>
                  </string-name>
               </person-group>
               <source>The History of the Blues</source>
               <year>1995</year>
            </mixed-citation>
         </ref>
         <ref id="d3037e282a1310">
            <mixed-citation id="d3037e286" publication-type="book">
Dettmar, K.J.H., and Richey, W. (eds.) 1999. Reading Rock and Roll (New York, Columbia University Press)<person-group>
                  <string-name xmlns:xlink="http://www.w3.org/1999/xlink">
                     <surname>Dettmar</surname>
                  </string-name>
               </person-group>
               <source>Reading Rock and Roll</source>
               <year>1999</year>
            </mixed-citation>
         </ref>
         <ref id="d3037e308a1310">
            <mixed-citation id="d3037e312" publication-type="book">
Gracyk, T. 1996. Rhythm &amp; Noise: An Aesthetics of Rock (London, I.B. Tauris)<person-group>
                  <string-name xmlns:xlink="http://www.w3.org/1999/xlink">
                     <surname>Gracyk</surname>
                  </string-name>
               </person-group>
               <source>Rhythm &amp; Noise: An Aesthetics of Rock</source>
               <year>1996</year>
            </mixed-citation>
         </ref>
         <ref id="d3037e334a1310">
            <mixed-citation id="d3037e338" publication-type="book">
Groom, B. 1971. The Blues Revival (London, Studio Vista)<person-group>
                  <string-name xmlns:xlink="http://www.w3.org/1999/xlink">
                     <surname>Groom</surname>
                  </string-name>
               </person-group>
               <source>The Blues Revival</source>
               <year>1971</year>
            </mixed-citation>
         </ref>
         <ref id="d3037e360a1310">
            <mixed-citation id="d3037e364" publication-type="book">
Handy, W.C. 1969(1941). Father of the Blues (New York, Da Capo Press)<person-group>
                  <string-name xmlns:xlink="http://www.w3.org/1999/xlink">
                     <surname>Handy</surname>
                  </string-name>
               </person-group>
               <source>Father of the Blues</source>
               <year>1969</year>
            </mixed-citation>
         </ref>
         <ref id="d3037e386a1310">
            <mixed-citation id="d3037e390" publication-type="book">
Hebdige, D. 1979. Subculture: the Meaning of Style (London, Routledge)<person-group>
                  <string-name xmlns:xlink="http://www.w3.org/1999/xlink">
                     <surname>Hebdige</surname>
                  </string-name>
               </person-group>
               <source>Subculture: the Meaning of Style</source>
               <year>1979</year>
            </mixed-citation>
         </ref>
         <ref id="d3037e413a1310">
            <mixed-citation id="d3037e417" publication-type="book">
Hewitt, P. 2000. The Soul Stylists: Forty Years of Modernism (Edinburgh, Mainstream Publishing)<person-group>
                  <string-name xmlns:xlink="http://www.w3.org/1999/xlink">
                     <surname>Hewitt</surname>
                  </string-name>
               </person-group>
               <source>The Soul Stylists: Forty Years of Modernism</source>
               <year>2000</year>
            </mixed-citation>
         </ref>
         <ref id="d3037e439a1310">
            <mixed-citation id="d3037e443" publication-type="book">
Humphries, P. 1995. The Complete Guide to the Music of Bob Dylan (London, Omnibus)<person-group>
                  <string-name xmlns:xlink="http://www.w3.org/1999/xlink">
                     <surname>Humphries</surname>
                  </string-name>
               </person-group>
               <source>The Complete Guide to the Music of Bob Dylan</source>
               <year>1995</year>
            </mixed-citation>
         </ref>
         <ref id="d3037e465a1310">
            <mixed-citation id="d3037e469" publication-type="book">
Jones, L. 1963. Blues People (New York, Morrow)<person-group>
                  <string-name xmlns:xlink="http://www.w3.org/1999/xlink">
                     <surname>Jones</surname>
                  </string-name>
               </person-group>
               <source>Blues People</source>
               <year>1963</year>
            </mixed-citation>
         </ref>
         <ref id="d3037e491a1310">
            <mixed-citation id="d3037e495" publication-type="book">
Keil, C. 1966. Urban Blues (Chicago, University of Chicago Press)<person-group>
                  <string-name xmlns:xlink="http://www.w3.org/1999/xlink">
                     <surname>Keil</surname>
                  </string-name>
               </person-group>
               <source>Urban Blues</source>
               <year>1966</year>
            </mixed-citation>
         </ref>
         <ref id="d3037e517a1310">
            <mixed-citation id="d3037e521" publication-type="book">
Leadbitter, M., Fancourt, L., and Pelletier, P. 1994. Blues Records 1943-1970, Vol. 2 (London, Record
Information Services)<person-group>
                  <string-name xmlns:xlink="http://www.w3.org/1999/xlink">
                     <surname>Leadbitter</surname>
                  </string-name>
               </person-group>
               <volume>2</volume>
               <source>Blues Records 1943-1970</source>
               <year>1994</year>
            </mixed-citation>
         </ref>
         <ref id="d3037e550a1310">
            <mixed-citation id="d3037e554" publication-type="book">
Melly, G. 1974. Owning Up, 2nd edn (Harmondsworth, Penguin Books)<person-group>
                  <string-name xmlns:xlink="http://www.w3.org/1999/xlink">
                     <surname>Melly</surname>
                  </string-name>
               </person-group>
               <edition>2</edition>
               <source>Owning Up</source>
               <year>1974</year>
            </mixed-citation>
         </ref>
         <ref id="d3037e580a1310">
            <mixed-citation id="d3037e584" publication-type="book">
Murphy, R. 1992. Sixties British Cinema (London, BFI Publishing)<person-group>
                  <string-name xmlns:xlink="http://www.w3.org/1999/xlink">
                     <surname>Murphy</surname>
                  </string-name>
               </person-group>
               <source>Sixties British</source>
               <year>1992</year>
            </mixed-citation>
         </ref>
         <ref id="d3037e606a1310">
            <mixed-citation id="d3037e610" publication-type="book">
Norman, P. 1984. The Stones (London, Pan Books)<person-group>
                  <string-name xmlns:xlink="http://www.w3.org/1999/xlink">
                     <surname>Norman</surname>
                  </string-name>
               </person-group>
               <source>The Stones</source>
               <year>1984</year>
            </mixed-citation>
         </ref>
         <ref id="d3037e632a1310">
            <mixed-citation id="d3037e636" publication-type="book">
Oldham, A.L . 2001. Stoned (London, Vintage)<person-group>
                  <string-name xmlns:xlink="http://www.w3.org/1999/xlink">
                     <surname>Oldham</surname>
                  </string-name>
               </person-group>
               <source>Stoned</source>
               <year>2001</year>
            </mixed-citation>
         </ref>
         <ref id="d3037e658a1310">
            <mixed-citation id="d3037e662" publication-type="book">
Oliver, P. 1997a. Conversation with the Blues, 2nd edn (Cambridge, Cambridge University Press)<person-group>
                  <string-name xmlns:xlink="http://www.w3.org/1999/xlink">
                     <surname>Oliver</surname>
                  </string-name>
               </person-group>
               <edition>2</edition>
               <source>Conversation with the Blues</source>
               <year>1997</year>
            </mixed-citation>
            <mixed-citation id="d3037e686" publication-type="book">
1997b. The Story of the Blues, 2nd edn (London, Pimlico)<person-group>
                  <string-name xmlns:xlink="http://www.w3.org/1999/xlink">
                     <surname>Oliver</surname>
                  </string-name>
               </person-group>
               <edition>2</edition>
               <source>The Story of the Blues</source>
               <year>1997</year>
            </mixed-citation>
         </ref>
         <ref id="d3037e711a1310">
            <mixed-citation id="d3037e715" publication-type="book">
Rawlings, T. 2000. Mod: A Very British Phenomenon (London, Omnibus)<person-group>
                  <string-name xmlns:xlink="http://www.w3.org/1999/xlink">
                     <surname>Rawlings</surname>
                  </string-name>
               </person-group>
               <source>Mod: A Very British Phenomenon</source>
               <year>2000</year>
            </mixed-citation>
         </ref>
         <ref id="d3037e737a1310">
            <mixed-citation id="d3037e741" publication-type="book">
Roberts, D. 2002. British Hit Singles, 15th edn (London, Guinness World Records)<person-group>
                  <string-name xmlns:xlink="http://www.w3.org/1999/xlink">
                     <surname>Roberts</surname>
                  </string-name>
               </person-group>
               <edition>15</edition>
               <source>British Hit Singles</source>
               <year>2002</year>
            </mixed-citation>
         </ref>
         <ref id="d3037e767a1310">
            <mixed-citation id="d3037e771" publication-type="book">
Russell, T. 1970. Blacks, Whites and Blues (London, Studio Vista)<person-group>
                  <string-name xmlns:xlink="http://www.w3.org/1999/xlink">
                     <surname>Russell</surname>
                  </string-name>
               </person-group>
               <source>Blacks, Whites and Blues</source>
               <year>1970</year>
            </mixed-citation>
            <mixed-citation id="d3037e792" publication-type="book">
1997. The Blues from Robert Johnson to Robert Cray (London, Aurum Press)<person-group>
                  <string-name xmlns:xlink="http://www.w3.org/1999/xlink">
                     <surname>Russell</surname>
                  </string-name>
               </person-group>
               <source>The Blues from Robert Johnson to Robert Cray</source>
               <year>1997</year>
            </mixed-citation>
         </ref>
         <ref id="d3037e814a1310">
            <mixed-citation id="d3037e818" publication-type="journal">
Shelton, R. 1961. 'Bob Dylan: a distinctive folk-song stylist', The New York Times, 29 September<person-group>
                  <string-name xmlns:xlink="http://www.w3.org/1999/xlink">
                     <surname>Shelton</surname>
                  </string-name>
               </person-group>
               <issue>29 September</issue>
               <source>The New York Times</source>
               <year>1961</year>
            </mixed-citation>
         </ref>
         <ref id="d3037e843a1310">
            <mixed-citation id="d3037e847" publication-type="journal">
Williams, R. 2003. 'Straight outta Essex', The Guardian, 7 October, Review, p. 7<person-group>
                  <string-name xmlns:xlink="http://www.w3.org/1999/xlink">
                     <surname>Williams</surname>
                  </string-name>
               </person-group>
               <issue>7 October</issue>
               <fpage>7</fpage>
               <source>The Guardian</source>
               <year>2003</year>
            </mixed-citation>
         </ref>
         <ref id="d3037e876a1310">
            <mixed-citation id="d3037e880" publication-type="book">
Williams, S. 1962. Sleeve notes to the album Bob Dylan (Columbia Records)<person-group>
                  <string-name xmlns:xlink="http://www.w3.org/1999/xlink">
                     <surname>Williams</surname>
                  </string-name>
               </person-group>
               <source>Sleeve notes to the album Bob Dylan</source>
               <year>1962</year>
            </mixed-citation>
         </ref>
         <ref id="d3037e902a1310">
            <mixed-citation id="d3037e906" publication-type="journal">
Williamson, N. 2004. 'Blues brother', Uncut, May, pp. 47-66<person-group>
                  <string-name xmlns:xlink="http://www.w3.org/1999/xlink">
                     <surname>Williamson</surname>
                  </string-name>
               </person-group>
               <issue>May</issue>
               <fpage>47</fpage>
               <source>Uncut</source>
               <year>2004</year>
            </mixed-citation>
         </ref>
         <ref id="d3037e935a1310">
            <mixed-citation id="d3037e939" publication-type="journal">
Williamson, N., with Clapton, E. 2004. 'Blues Brother', in Uncut, May<person-group>
                  <string-name xmlns:xlink="http://www.w3.org/1999/xlink">
                     <surname>Williamson</surname>
                  </string-name>
               </person-group>
               <issue>May</issue>
               <source>Uncut</source>
               <year>2004</year>
            </mixed-citation>
         </ref>
         <ref id="d3037e965a1310">
            <mixed-citation id="d3037e969" publication-type="book">
Zanes, R.J.W. 1999. 'Too much mead? Under the influence (of participant observation)', in Reading Rock and
Roll, ed. K.J.H. Dettmar and W. Richey (New York, Columbia University Press), pp. 37-71<person-group>
                  <string-name xmlns:xlink="http://www.w3.org/1999/xlink">
                     <surname>Zanes</surname>
                  </string-name>
               </person-group>
               <comment content-type="section">Too much mead? Under the influence (of participant observation)</comment>
               <fpage>37</fpage>
               <source>Reading Rock and Roll</source>
               <year>1999</year>
            </mixed-citation>
         </ref>
      </ref-list>
      <ref-list>
         <title>Discography</title>
         <ref id="d3037e1010a1310">
            <mixed-citation id="d3037e1014" publication-type="other">
Cream, Disraeli Gears. Polydor 531 811-2 (CD). LP first released 1967</mixed-citation>
         </ref>
         <ref id="d3037e1021a1310">
            <mixed-citation id="d3037e1025" publication-type="other">
Hoochie Coochie Men: A History of UK Blues and R&amp;B 1955-2001. Indigo IGOBX 2501</mixed-citation>
         </ref>
         <ref id="d3037e1032a1310">
            <mixed-citation id="d3037e1036" publication-type="other">
Matchbox Days: Really! The English Country Blues. Folk Roots Classics CDWIKD 168</mixed-citation>
         </ref>
         <ref id="d3037e1043a1310">
            <mixed-citation id="d3037e1047" publication-type="other">
John Mayall, Blues Breakers: John Mayall with Eric Clapton. Deram 800 086-2 (CD). LP first released 1966</mixed-citation>
         </ref>
         <ref id="d3037e1055a1310">
            <mixed-citation id="d3037e1059" publication-type="other">
Rolling Stones, Their Satanic Majesties Request. ABKCO 8823002 (CD). LP first released 1967</mixed-citation>
         </ref>
      </ref-list>
      <ref-list>
         <title>Filmography</title>
         <ref id="d3037e1075a1310">
            <mixed-citation id="d3037e1079" publication-type="other">
The American Folk Blues Festival 1962-1966. Vols 1 &amp; 2. 0602498609279</mixed-citation>
         </ref>
         <ref id="d3037e1086a1310">
            <mixed-citation id="d3037e1090" publication-type="other">
Reds, Whites &amp; Blues. Director: Mike Figgis. SMA DVD 035</mixed-citation>
         </ref>
      </ref-list>
   </back>
</article>
