<article dtd-version="1.0" article-type="research-article">
   <front>
      <journal-meta>
         <journal-id xmlns:xlink="http://www.w3.org/1999/xlink" journal-id-type="jstor">popularmusic</journal-id>
         <journal-id xmlns:xlink="http://www.w3.org/1999/xlink" journal-id-type="jstor">j100590</journal-id>
         <journal-title-group xmlns:xlink="http://www.w3.org/1999/xlink">
            <journal-title>Popular Music</journal-title>
         </journal-title-group>
         <publisher>
            <publisher-name>Cambridge University Press</publisher-name>
         </publisher>
         <issn xmlns:xlink="http://www.w3.org/1999/xlink" pub-type="ppub">02611430</issn>
         <issn xmlns:xlink="http://www.w3.org/1999/xlink" pub-type="epub">14740095</issn>
      </journal-meta>
      <article-meta>
         <article-id xmlns:xlink="http://www.w3.org/1999/xlink" pub-id-type="jstor">852902</article-id>
         <title-group>
            <article-title>Into the Mystic: The Aural Poetry of Van Morrison</article-title>
         </title-group>
         <contrib-group>
            <contrib contrib-type="author">
               <string-name xmlns:xlink="http://www.w3.org/1999/xlink">
                  <given-names>Peter</given-names>
                  <surname>Mills</surname>
               </string-name>
            </contrib>
         </contrib-group>
         <pub-date xmlns:xlink="http://www.w3.org/1999/xlink">
            <day>1</day>
            <month>1</month>
            <year>1994</year>
         </pub-date>
         <volume>13</volume>
         <issue>1</issue>
         <issue-id xmlns:xlink="http://www.w3.org/1999/xlink">i235380</issue-id>
         <fpage>91</fpage>
         <lpage>103</lpage>
         <page-range>91-103</page-range>
         <permissions>
            <copyright-statement>Copyright 1994 Cambridge University Press</copyright-statement>
         </permissions>
         <self-uri xmlns:xlink="http://www.w3.org/1999/xlink"
                   xlink:href="http://www.jstor.org/stable/852902"/>
         <custom-meta-group xmlns:xlink="http://www.w3.org/1999/xlink">
            <custom-meta>
               <meta-name>lang</meta-name>
               <meta-value>eng</meta-value>
            </custom-meta>
         </custom-meta-group>
      </article-meta>
   </front>
   <back>
      <ref-list>
         <title>References</title>
         <ref id="d19580e114a1310">
            <mixed-citation id="d19580e118" publication-type="book">
Blake, William. 1966. 'With happiness stretched across the hills' (from The Gates of Paradise), Songs of
Innocence and Experience, Complete Writings of William Blake, ed. G. Keynes (London) p. 816<person-group>
                  <string-name xmlns:xlink="http://www.w3.org/1999/xlink">
                     <surname>Blake</surname>
                  </string-name>
               </person-group>
               <comment content-type="section">With happiness stretched across the hills</comment>
               <fpage>816</fpage>
               <source>Songs of Innocence and Experience, Complete Writings of William Blake</source>
               <year>1966</year>
            </mixed-citation>
         </ref>
         <ref id="d19580e150a1310">
            <mixed-citation id="d19580e154" publication-type="book">
Kavanagh, Patrick. 1964. 'Raglan Road', Collected Poems (London) p. 154<person-group>
                  <string-name xmlns:xlink="http://www.w3.org/1999/xlink">
                     <surname>Kavanagh</surname>
                  </string-name>
               </person-group>
               <comment content-type="section">Raglan Road</comment>
               <fpage>154</fpage>
               <source>Collected Poems</source>
               <year>1964</year>
            </mixed-citation>
         </ref>
         <ref id="d19580e183a1310">
            <mixed-citation id="d19580e187" publication-type="book">
Rogan, Johnny. 1984. Van Morrison: A Portrait of the Artist (London)<person-group>
                  <string-name xmlns:xlink="http://www.w3.org/1999/xlink">
                     <surname>Rogan</surname>
                  </string-name>
               </person-group>
               <source>Van Morrison: A Portrait of the Artist</source>
               <year>1984</year>
            </mixed-citation>
         </ref>
         <ref id="d19580e209a1310">
            <mixed-citation id="d19580e213" publication-type="book">
Thomas, Dylan. 1991. 'On reading poetry aloud', in The Broadcasts, ed. Maud Dent (London)<person-group>
                  <string-name xmlns:xlink="http://www.w3.org/1999/xlink">
                     <surname>Thomas</surname>
                  </string-name>
               </person-group>
               <comment content-type="section">On reading poetry aloud</comment>
               <source>The Broadcasts</source>
               <year>1991</year>
            </mixed-citation>
         </ref>
         <ref id="d19580e239a1310">
            <mixed-citation id="d19580e243" publication-type="book">
Watts, Alan. 1978. Cloud Hidden, Whereabouts Unknown: A Mountain Journal (London)<person-group>
                  <string-name xmlns:xlink="http://www.w3.org/1999/xlink">
                     <surname>Watts</surname>
                  </string-name>
               </person-group>
               <source>Cloud Hidden, Whereabouts Unknown: A Mountain Journal</source>
               <year>1978</year>
            </mixed-citation>
         </ref>
         <ref id="d19580e265a1310">
            <mixed-citation id="d19580e269" publication-type="book">
Yeats, W. B. 1991. 'Crazy Jane on God', 'Dialogue of Self and Soul', 'Long Legged Fly', 'The Lake Isle
of Innisfree', 'Under Ben Bulben', in Selected Poetry of W. B. Yeats, ed. T. Webb (London)<person-group>
                  <string-name xmlns:xlink="http://www.w3.org/1999/xlink">
                     <surname>Yeats</surname>
                  </string-name>
               </person-group>
               <comment content-type="section">'Crazy Jane on God', 'Dialogue of Self and Soul', 'Long Legged Fly', 'The Lake Isle of Innisfree', 'Under Ben Bulben'</comment>
               <source>Selected Poetry of W. B. Yeats</source>
               <year>1991</year>
            </mixed-citation>
         </ref>
         <ref id="d19580e298a1310">
            <mixed-citation id="d19580e302" publication-type="book">
Yorke, Ritchie. 1975. Van Morrison: Into the Music (London)<person-group>
                  <string-name xmlns:xlink="http://www.w3.org/1999/xlink">
                     <surname>Yorke</surname>
                  </string-name>
               </person-group>
               <source>Van Morrison: Into the Music</source>
               <year>1975</year>
            </mixed-citation>
         </ref>
      </ref-list>
      <ref-list>
         <title>Discography</title>
         <ref id="d19580e333a1310">
            <mixed-citation id="d19580e337" publication-type="book">
Cypress Avenue, Slim Slow Slider, Madame George, from Astral Weeks (1968; Warner Brothers K46024.
WB MUSIC)<person-group>
                  <string-name xmlns:xlink="http://www.w3.org/1999/xlink">
                     <surname>Cypress Avenue</surname>
                  </string-name>
               </person-group>
               <source>Astral Weeks</source>
               <year>1968</year>
            </mixed-citation>
         </ref>
         <ref id="d19580e362a1310">
            <mixed-citation id="d19580e366" publication-type="other">
When I Deliver, Unreleased (1975; Unpublished)</mixed-citation>
         </ref>
         <ref id="d19580e373a1310">
            <mixed-citation id="d19580e377" publication-type="book">
A Sense of Wonder, A New Kind of Man, A Sense of Wonder (1985; MERH 54)<comment content-type="section">A Sense of Wonder, A New Kind of Man</comment>
               <source>A Sense of Wonder</source>
               <year>1985</year>
            </mixed-citation>
         </ref>
         <ref id="d19580e393a1310">
            <mixed-citation id="d19580e397" publication-type="book">
Vanlose Stairway, Beautiful Vision (1982; 6302 122)<person-group>
                  <string-name xmlns:xlink="http://www.w3.org/1999/xlink">
                     <surname>Stairway</surname>
                  </string-name>
               </person-group>
               <fpage>122</fpage>
               <volume>6302</volume>
               <source>Beautiful Vision</source>
               <year>1982</year>
            </mixed-citation>
         </ref>
         <ref id="d19580e427a1310">
            <mixed-citation id="d19580e431" publication-type="book">
The Master's Eyes, A Sense of Wonder, (1985; MERH 54)<comment content-type="section">The Master's Eyes</comment>
               <source>A Sense of Wonder</source>
               <year>1985</year>
            </mixed-citation>
         </ref>
         <ref id="d19580e447a1310">
            <mixed-citation id="d19580e451" publication-type="book">
Rave On, John Donné, Inarticulate Speech of the Heart (1983; MERL 16)<person-group>
                  <string-name xmlns:xlink="http://www.w3.org/1999/xlink">
                     <surname>Rave On</surname>
                  </string-name>
               </person-group>
               <source>Inarticulate Speech of the Heart</source>
               <year>1983</year>
            </mixed-citation>
         </ref>
         <ref id="d19580e473a1310">
            <mixed-citation id="d19580e477" publication-type="book">
Rolling Hills, Into The Music (1979; 9102 852)<person-group>
                  <string-name xmlns:xlink="http://www.w3.org/1999/xlink">
                     <surname>Hills</surname>
                  </string-name>
               </person-group>
               <fpage>852</fpage>
               <volume>9102</volume>
               <source>Into The Music</source>
               <year>1979</year>
            </mixed-citation>
         </ref>
         <ref id="d19580e506a1310">
            <mixed-citation id="d19580e510" publication-type="book">
A Town Called Paradise, No Guru, No Method, No Teacher (1986; MERH 94)<comment content-type="section">A Town Called Paradise</comment>
               <source>No Guru, No Method, No Teacher</source>
               <year>1986</year>
            </mixed-citation>
         </ref>
         <ref id="d19580e526a1310">
            <mixed-citation id="d19580e530" publication-type="book">
Alan Watts Blues, Poetic Champions Compose (1987; MERH 110)<comment content-type="section">Alan Watts Blues</comment>
               <source>Poetic Champions Compose</source>
               <year>1987</year>
            </mixed-citation>
         </ref>
         <ref id="d19580e546a1310">
            <mixed-citation id="d19580e550" publication-type="book">
Tore Down a la Rimbaud, A Sense of Wonder (1985; MERH 54)<comment content-type="section">Tore Down a la Rimbaud</comment>
               <source>A Sense of Wonder</source>
               <year>1985</year>
            </mixed-citation>
         </ref>
         <ref id="d19580e567a1310">
            <mixed-citation id="d19580e571" publication-type="book">
Dweller on the Threshold, Beautiful Vision (1982; 6302 122)<comment content-type="section">Dweller on the Threshold</comment>
               <fpage>122</fpage>
               <volume>6302</volume>
               <source>Beautiful Vision</source>
               <year>1982</year>
            </mixed-citation>
         </ref>
         <ref id="d19580e594a1310">
            <mixed-citation id="d19580e598" publication-type="book">
In the Garden, Here Comes the Knight No Guru, No Method, No Teacher (1986; MERH 94)<comment content-type="section">In the Garden, Here Comes the Knight</comment>
               <source>No Guru, No Method, No Teacher</source>
               <year>1986</year>
            </mixed-citation>
         </ref>
         <ref id="d19580e614a1310">
            <mixed-citation id="d19580e618" publication-type="book">
Coney Island, I'm Tired, Joey Boy, Daring Nights, Avalon Sunset (1989; Polydor 839-262-1)<comment content-type="section">Coney Island, I'm Tired, Joey Boy, Daring Nights</comment>
               <fpage>839</fpage>
               <source>Avalon Sunset</source>
               <year>1989</year>
            </mixed-citation>
         </ref>
         <ref id="d19580e637a1310">
            <mixed-citation id="d19580e641" publication-type="book">
Summertime in England, Common One (1980; 6302 021)<comment content-type="section">Summertime in England</comment>
               <fpage>021</fpage>
               <volume>6302</volume>
               <source>Common One</source>
               <year>1980</year>
            </mixed-citation>
         </ref>
         <ref id="d19580e664a1310">
            <mixed-citation id="d19580e668" publication-type="book">
Bob Dylan, 'Precious Angel', Slow Train Coming (CBS Records 86095 1979; Big Ben Music)<person-group>
                  <string-name xmlns:xlink="http://www.w3.org/1999/xlink">
                     <surname>Dylan</surname>
                  </string-name>
               </person-group>
               <comment content-type="section">Precious Angel</comment>
               <source>Slow Train Coming</source>
               <year>1979</year>
            </mixed-citation>
         </ref>
         <ref id="d19580e693a1310">
            <mixed-citation id="d19580e697" publication-type="book">
Elvis Presley, 'All Shook Up', 40 Greatest Hits (RCA Records ADLP 12 1975; Carlin Music)<person-group>
                  <string-name xmlns:xlink="http://www.w3.org/1999/xlink">
                     <surname>Presley</surname>
                  </string-name>
               </person-group>
               <comment content-type="section">All Shook Up</comment>
               <volume>40</volume>
               <source>Greatest Hits</source>
               <year>1975</year>
            </mixed-citation>
         </ref>
         <ref id="d19580e727a1310">
            <mixed-citation id="d19580e731" publication-type="book">
Them, The Story of Them, (recorded 1966, released on Them: Rock Roots album, Decca 1976, ROOTS 3)<source>The Story of Them</source>
               <year>1966</year>
            </mixed-citation>
         </ref>
         <ref id="d19580e744a1310">
            <mixed-citation id="d19580e748" publication-type="book">
Phonogram promotional interview album, August 1986 (Mercury 830-222-1)<source>Phonogram promotional interview album</source>
               <year>1986</year>
            </mixed-citation>
         </ref>
      </ref-list>
   </back>
</article>
