<article dtd-version="1.0" article-type="research-article">
   <front>
      <journal-meta>
         <journal-id xmlns:xlink="http://www.w3.org/1999/xlink" journal-id-type="jstor">popularmusic</journal-id>
         <journal-id xmlns:xlink="http://www.w3.org/1999/xlink" journal-id-type="jstor">j100590</journal-id>
         <journal-title-group xmlns:xlink="http://www.w3.org/1999/xlink">
            <journal-title>Popular Music</journal-title>
         </journal-title-group>
         <publisher>
            <publisher-name>Cambridge University Press</publisher-name>
         </publisher>
         <issn xmlns:xlink="http://www.w3.org/1999/xlink" pub-type="ppub">02611430</issn>
         <issn xmlns:xlink="http://www.w3.org/1999/xlink" pub-type="epub">14740095</issn>
      </journal-meta>
      <article-meta>
         <article-id xmlns:xlink="http://www.w3.org/1999/xlink" pub-id-type="jstor">852939</article-id>
         <title-group>
            <article-title>Mixing Pop and Politics: Rock Music in Czechoslovakia before and after the Velvet Revolution</article-title>
         </title-group>
         <contrib-group>
            <contrib contrib-type="author">
               <string-name xmlns:xlink="http://www.w3.org/1999/xlink">
                  <given-names>Tony</given-names>
                  <surname>Mitchell</surname>
               </string-name>
            </contrib>
         </contrib-group>
         <pub-date xmlns:xlink="http://www.w3.org/1999/xlink">
            <day>1</day>
            <month>5</month>
            <year>1992</year>
         </pub-date>
         <volume>11</volume>
         <issue>2</issue>
         <issue-id xmlns:xlink="http://www.w3.org/1999/xlink">i235379</issue-id>
         <fpage>187</fpage>
         <lpage>203</lpage>
         <page-range>187-203</page-range>
         <permissions>
            <copyright-statement>Copyright 1992 Cambridge University Press</copyright-statement>
         </permissions>
         <self-uri xmlns:xlink="http://www.w3.org/1999/xlink"
                   xlink:href="http://www.jstor.org/stable/852939"/>
         <custom-meta-group xmlns:xlink="http://www.w3.org/1999/xlink">
            <custom-meta>
               <meta-name>lang</meta-name>
               <meta-value>eng</meta-value>
            </custom-meta>
         </custom-meta-group>
      </article-meta>
   </front>
   <back>
      <ref-list>
         <title>References</title>
         <ref id="d17458e114a1310">
            <mixed-citation id="d17458e118" publication-type="book">
Balogh, Vanja. 1990. 'Power to the people: a Prague diary', i-D, 82 (July)<person-group>
                  <string-name xmlns:xlink="http://www.w3.org/1999/xlink">
                     <surname>Balogh</surname>
                  </string-name>
               </person-group>
               <fpage>82</fpage>
               <source>Power to the people: a Prague diary</source>
               <year>1990</year>
            </mixed-citation>
         </ref>
         <ref id="d17458e143a1310">
            <mixed-citation id="d17458e147" publication-type="book">
Bell, Graeme. 1988. Australian Jazzman (Sydney)<person-group>
                  <string-name xmlns:xlink="http://www.w3.org/1999/xlink">
                     <surname>Bell</surname>
                  </string-name>
               </person-group>
               <source>Australian Jazzman</source>
               <year>1988</year>
            </mixed-citation>
         </ref>
         <ref id="d17458e169a1310">
            <mixed-citation id="d17458e173" publication-type="book">
Brabenec, Vratislav. 1983. 'Heroes or madmen?', Index on Censorship, 1<person-group>
                  <string-name xmlns:xlink="http://www.w3.org/1999/xlink">
                     <surname>Brabenec</surname>
                  </string-name>
               </person-group>
               <comment content-type="section">Heroes or madmen?</comment>
               <volume>1</volume>
               <source>Index on Censorship</source>
               <year>1983</year>
            </mixed-citation>
         </ref>
         <ref id="d17458e202a1310">
            <mixed-citation id="d17458e206" publication-type="book">
Brophy, Philip. 1987. 'Avant-garde rock: history in the making', in Missing in Action: Australian Popular
Music, ed. M. Breen (Melbourne)<person-group>
                  <string-name xmlns:xlink="http://www.w3.org/1999/xlink">
                     <surname>Brophy</surname>
                  </string-name>
               </person-group>
               <comment content-type="section">Avant-garde rock: history in the making</comment>
               <source>Missing in Action: Australian Popular Music</source>
               <year>1987</year>
            </mixed-citation>
         </ref>
         <ref id="d17458e236a1310">
            <mixed-citation id="d17458e240" publication-type="book">
Casey, Andrew. 1984. 'Jailhouse Rock!', Sun-Herald (Sydney), 26 August<person-group>
                  <string-name xmlns:xlink="http://www.w3.org/1999/xlink">
                     <surname>Casey</surname>
                  </string-name>
               </person-group>
               <comment content-type="section">Jailhouse Rock!</comment>
               <source>Sun-Herald</source>
               <year>1984</year>
            </mixed-citation>
         </ref>
         <ref id="d17458e265a1310">
            <mixed-citation id="d17458e269" publication-type="book">
Havel, VAclav. 1989. Letters to Olga (London)<person-group>
                  <string-name xmlns:xlink="http://www.w3.org/1999/xlink">
                     <surname>Havel</surname>
                  </string-name>
               </person-group>
               <source>Letters to Olga</source>
               <year>1989</year>
            </mixed-citation>
            <mixed-citation id="d17458e290" publication-type="book">
1990. Disturbing the Peace (London)<person-group>
                  <string-name xmlns:xlink="http://www.w3.org/1999/xlink">
                     <surname>Havel</surname>
                  </string-name>
               </person-group>
               <source>Disturbing the Peace</source>
               <year>1990</year>
            </mixed-citation>
         </ref>
         <ref id="d17458e312a1310">
            <mixed-citation id="d17458e316" publication-type="book">
Jirous, Ivan. 1976. 'Underground culture', Index on Censorship, 3<person-group>
                  <string-name xmlns:xlink="http://www.w3.org/1999/xlink">
                     <surname>Jirous</surname>
                  </string-name>
               </person-group>
               <comment content-type="section">Underground culture</comment>
               <fpage>3</fpage>
               <source>Index on Censorship</source>
               <year>1976</year>
            </mixed-citation>
         </ref>
         <ref id="d17458e345a1310">
            <mixed-citation id="d17458e349" publication-type="book">
Reynolds, Simon. 1990. Blissed Out: The Raptures of Rock (London)<person-group>
                  <string-name xmlns:xlink="http://www.w3.org/1999/xlink">
                     <surname>Reynolds</surname>
                  </string-name>
               </person-group>
               <source>Blissed Out: The Raptures of Rock</source>
               <year>1990</year>
            </mixed-citation>
         </ref>
         <ref id="d17458e371a1310">
            <mixed-citation id="d17458e375" publication-type="book">
Ryback, Timothy. 1990. Rock around the Bloc: A History of Rock Music in Eastern Europe and the Soviet Union
(Oxford)<person-group>
                  <string-name xmlns:xlink="http://www.w3.org/1999/xlink">
                     <surname>Ryback</surname>
                  </string-name>
               </person-group>
               <source>Rock around the Bloc: A History of Rock Music in Eastern Europe and the Soviet Union</source>
               <year>1990</year>
            </mixed-citation>
         </ref>
         <ref id="d17458e400a1310">
            <mixed-citation id="d17458e404" publication-type="book">
Skvorecky, Josef. 1980. The Bass Saxophone (London)<person-group>
                  <string-name xmlns:xlink="http://www.w3.org/1999/xlink">
                     <surname>Skvorecky</surname>
                  </string-name>
               </person-group>
               <source>The Bass Saxophone</source>
               <year>1980</year>
            </mixed-citation>
            <mixed-citation id="d17458e425" publication-type="book">
1983. 'Talkin' Moscow Blues', The New Republic, 9 May<person-group>
                  <string-name xmlns:xlink="http://www.w3.org/1999/xlink">
                     <surname>Skvorecky</surname>
                  </string-name>
               </person-group>
               <comment content-type="section">Talkin' Moscow Blues</comment>
               <source>The New Republic</source>
               <year>1983</year>
            </mixed-citation>
            <mixed-citation id="d17458e449" publication-type="book">
1984. 'Hipness at noon', The New Republic, 17 December<person-group>
                  <string-name xmlns:xlink="http://www.w3.org/1999/xlink">
                     <surname>Skvorecky</surname>
                  </string-name>
               </person-group>
               <comment content-type="section">Hipness at noon</comment>
               <source>The New Republic</source>
               <year>1984</year>
            </mixed-citation>
         </ref>
         <ref id="d17458e475a1310">
            <mixed-citation id="d17458e479" publication-type="journal">
Stoppard, Tom. 1977. 'Prague: the story of the chartists', New York Review of Books, 4 August<person-group>
                  <string-name xmlns:xlink="http://www.w3.org/1999/xlink">
                     <surname>Stoppard</surname>
                  </string-name>
               </person-group>
               <issue>4 August</issue>
               <source>New York Review of Books</source>
               <year>1977</year>
            </mixed-citation>
         </ref>
         <ref id="d17458e504a1310">
            <mixed-citation id="d17458e508" publication-type="journal">
Szemere, Anna. 1983. 'Some institutional aspects of pop and rock in Hungary', Popular Music, 3, pp.
121-42<object-id pub-id-type="jstor">10.2307/853097</object-id>
               <fpage>121</fpage>
            </mixed-citation>
         </ref>
         <ref id="d17458e524a1310">
            <mixed-citation id="d17458e528" publication-type="book">
Troitsky, Artemy. 1987. Back in the USSR: The True Story of Rock in Russia (London)<person-group>
                  <string-name xmlns:xlink="http://www.w3.org/1999/xlink">
                     <surname>Troitsky</surname>
                  </string-name>
               </person-group>
               <source>Back in the USSR: The True Story of Rock in Russia</source>
               <year>1987</year>
            </mixed-citation>
            <mixed-citation id="d17458e549" publication-type="book">
1989. 'Simply Red', The Listener, 25 May<person-group>
                  <string-name xmlns:xlink="http://www.w3.org/1999/xlink">
                     <surname>Troitsky</surname>
                  </string-name>
               </person-group>
               <comment content-type="section">Simply Red</comment>
               <source>The Listener</source>
               <year>1989</year>
            </mixed-citation>
         </ref>
         <ref id="d17458e574a1310">
            <mixed-citation id="d17458e578" publication-type="book">
Vladislav, Jan (ed.). 1989. Vdclav Havel, or Living in Truth (London)<person-group>
                  <string-name xmlns:xlink="http://www.w3.org/1999/xlink">
                     <surname>Vladislav</surname>
                  </string-name>
               </person-group>
               <source>Vdclav Havel, or Living in Truth</source>
               <year>1989</year>
            </mixed-citation>
         </ref>
         <ref id="d17458e600a1310">
            <mixed-citation id="d17458e604" publication-type="book">
Wicke, Peter. 1990. Rock Music: Culture, Aesthetics and Sociology (Cambridge)<person-group>
                  <string-name xmlns:xlink="http://www.w3.org/1999/xlink">
                     <surname>Wicke</surname>
                  </string-name>
               </person-group>
               <source>Rock Music: Culture, Aesthetics and Sociology</source>
               <year>1990</year>
            </mixed-citation>
            <mixed-citation id="d17458e625" publication-type="book">
1991. 'The role of rock music in processes of political change in the GDR', forthcoming in Popular
Music and Communication, ed. J. Lull (Beverly Hills)<person-group>
                  <string-name xmlns:xlink="http://www.w3.org/1999/xlink">
                     <surname>Wicke</surname>
                  </string-name>
               </person-group>
               <comment content-type="section">The role of rock music in processes of political change in the GDR</comment>
               <source>Popular Music and Communication</source>
               <year>1991</year>
            </mixed-citation>
         </ref>
      </ref-list>
      <ref-list>
         <title>Discography</title>
         <ref id="d17458e663a1310">
            <mixed-citation id="d17458e667" publication-type="book">
Graeme Bell's Dixieland Jazz Band. Czechoslovak Journey 1947, Swaggie 1394 (1982)<person-group>
                  <string-name xmlns:xlink="http://www.w3.org/1999/xlink">
                     <surname>Bell</surname>
                  </string-name>
               </person-group>
               <source>Czechoslovak Journey 1947</source>
               <year>1982</year>
            </mixed-citation>
         </ref>
         <ref id="d17458e689a1310">
            <mixed-citation id="d17458e693" publication-type="book">
The Plastic People of the Universe. Egon Bondy's Lonely Hearts Club Banned, London (1977)<source>Egon Bondy's Lonely Hearts Club Banned</source>
               <year>1977</year>
            </mixed-citation>
         </ref>
         <ref id="d17458e706a1310">
            <mixed-citation id="d17458e710" publication-type="book">
Passion Play, Bozi Mlyn Productions, Station 'L', Toronto (1980)<source>Passion Play</source>
               <year>1980</year>
            </mixed-citation>
         </ref>
         <ref id="d17458e723a1310">
            <mixed-citation id="d17458e727" publication-type="book">
Iva BittovA. Dunaj, Panton (Prague, 1989)<person-group>
                  <string-name xmlns:xlink="http://www.w3.org/1999/xlink">
                     <surname>BittovA</surname>
                  </string-name>
               </person-group>
               <source>Dunaj</source>
               <year>1989</year>
            </mixed-citation>
         </ref>
         <ref id="d17458e750a1310">
            <mixed-citation id="d17458e754" publication-type="book">
Rebelie: Punk 'n' Oi!, Monitor (Prague, 1990)<source>Rebelie: Punk 'n' Oi!</source>
               <year>1990</year>
            </mixed-citation>
         </ref>
         <ref id="d17458e767a1310">
            <mixed-citation id="d17458e771" publication-type="book">
Nove Horizonty, Monitor (Prague, 1990)<source>Nove Horizonty</source>
               <year>1990</year>
            </mixed-citation>
         </ref>
      </ref-list>
   </back>
</article>
