<article dtd-version="1.0" article-type="research-article">
   <front>
      <journal-meta>
         <journal-id xmlns:xlink="http://www.w3.org/1999/xlink" journal-id-type="jstor">popularmusic</journal-id>
         <journal-id xmlns:xlink="http://www.w3.org/1999/xlink" journal-id-type="jstor">j100590</journal-id>
         <journal-title-group xmlns:xlink="http://www.w3.org/1999/xlink">
            <journal-title>Popular Music</journal-title>
         </journal-title-group>
         <publisher>
            <publisher-name>Cambridge University Press</publisher-name>
         </publisher>
         <issn xmlns:xlink="http://www.w3.org/1999/xlink" pub-type="ppub">02611430</issn>
         <issn xmlns:xlink="http://www.w3.org/1999/xlink" pub-type="epub">14740095</issn>
      </journal-meta>
      <article-meta>
         <article-id xmlns:xlink="http://www.w3.org/1999/xlink" pub-id-type="jstor">853007</article-id>
         <title-group>
            <article-title>From Quadrille to Stomp: The Creole Origins of Jazz</article-title>
         </title-group>
         <contrib-group>
            <contrib contrib-type="author">
               <string-name xmlns:xlink="http://www.w3.org/1999/xlink">
                  <given-names>Thomas</given-names>
                  <surname>Fiehrer</surname>
               </string-name>
            </contrib>
         </contrib-group>
         <pub-date xmlns:xlink="http://www.w3.org/1999/xlink">
            <day>1</day>
            <month>1</month>
            <year>1991</year>
         </pub-date>
         <volume>10</volume>
         <issue>1</issue>
         <issue-id xmlns:xlink="http://www.w3.org/1999/xlink">i235375</issue-id>
         <fpage>21</fpage>
         <lpage>38</lpage>
         <page-range>21-38</page-range>
         <permissions>
            <copyright-statement>Copyright 1991 Cambridge University Press</copyright-statement>
         </permissions>
         <self-uri xmlns:xlink="http://www.w3.org/1999/xlink"
                   xlink:href="http://www.jstor.org/stable/853007"/>
         <custom-meta-group xmlns:xlink="http://www.w3.org/1999/xlink">
            <custom-meta>
               <meta-name>lang</meta-name>
               <meta-value>eng</meta-value>
            </custom-meta>
         </custom-meta-group>
      </article-meta>
   </front>
   <back>
      <ref-list>
         <title>End notes</title>
         <ref id="d7623e114a1310">
            <label>2</label>
            <mixed-citation id="d7623e121" publication-type="other">
Author's interviews with: Eddie Baquet
(nephew of Achille and Georges Baquet</mixed-citation>
         </ref>
      </ref-list>
      <ref-list>
         <title>References</title>
         <ref id="d7623e140a1310">
            <mixed-citation id="d7623e144" publication-type="book">
Allen, William Francis et al. (eds.) 1867. Slave Songs of the United States (New York)<person-group>
                  <string-name xmlns:xlink="http://www.w3.org/1999/xlink">
                     <surname>Allen</surname>
                  </string-name>
               </person-group>
               <source>Slave Songs of the United States</source>
               <year>1867</year>
            </mixed-citation>
         </ref>
         <ref id="d7623e166a1310">
            <mixed-citation id="d7623e170" publication-type="other">
Anthony, Arthe Agnes. 1978. 'The Negro Creole Community in New Orleans, 1880-1920: An Oral
History', unpublished PhD Dissertation, University of California, Irvine</mixed-citation>
         </ref>
         <ref id="d7623e180a1310">
            <mixed-citation id="d7623e184" publication-type="book">
Armstrong, Louis. 1943. 'Swing that Music', in Elie Siegmeister (ed.) The Music Lover's Handbook (New
York)<person-group>
                  <string-name xmlns:xlink="http://www.w3.org/1999/xlink">
                     <surname>Armstrong</surname>
                  </string-name>
               </person-group>
               <comment content-type="section">Swing that Music</comment>
               <source>The Music Lover's Handbook</source>
               <year>1943</year>
            </mixed-citation>
         </ref>
         <ref id="d7623e213a1310">
            <mixed-citation id="d7623e217" publication-type="book">
Balliett, Whitney. 1986. American Musicians (New York)<person-group>
                  <string-name xmlns:xlink="http://www.w3.org/1999/xlink">
                     <surname>Balliett</surname>
                  </string-name>
               </person-group>
               <source>American Musicians</source>
               <year>1986</year>
            </mixed-citation>
            <mixed-citation id="d7623e238" publication-type="book">
1983. Jelly Roll, Jabo and Fats (New York)<person-group>
                  <string-name xmlns:xlink="http://www.w3.org/1999/xlink">
                     <surname>Balliett</surname>
                  </string-name>
               </person-group>
               <source>Jelly Roll, Jabo and Fats</source>
               <year>1983</year>
            </mixed-citation>
         </ref>
         <ref id="d7623e261a1310">
            <mixed-citation id="d7623e265" publication-type="book">
Barker, Danny. 1988. A Life in Jazz (New York)<person-group>
                  <string-name xmlns:xlink="http://www.w3.org/1999/xlink">
                     <surname>Barker</surname>
                  </string-name>
               </person-group>
               <source>A Life in Jazz</source>
               <year>1988</year>
            </mixed-citation>
         </ref>
         <ref id="d7623e287a1310">
            <mixed-citation id="d7623e291" publication-type="book">
Barker, Danny and Jack Buerkle. 1974. Bourbon Street Black (New York)<person-group>
                  <string-name xmlns:xlink="http://www.w3.org/1999/xlink">
                     <surname>Barker</surname>
                  </string-name>
               </person-group>
               <source>Bourbon Street Black</source>
               <year>1974</year>
            </mixed-citation>
         </ref>
         <ref id="d7623e313a1310">
            <mixed-citation id="d7623e317" publication-type="book">
Behague, Gerard. 1979. Music in Latin America (Englewood Cliffs, NJ)<person-group>
                  <string-name xmlns:xlink="http://www.w3.org/1999/xlink">
                     <surname>Behague</surname>
                  </string-name>
               </person-group>
               <source>Music in Latin America</source>
               <year>1979</year>
            </mixed-citation>
         </ref>
         <ref id="d7623e339a1310">
            <mixed-citation id="d7623e343" publication-type="journal">
Berry, Jason. 1980. 'Mardi Gras Indians', Times-Picayune, 17 February<person-group>
                  <string-name xmlns:xlink="http://www.w3.org/1999/xlink">
                     <surname>Berry</surname>
                  </string-name>
               </person-group>
               <issue>17 February</issue>
               <source>Times-Picayune</source>
               <year>1980</year>
            </mixed-citation>
         </ref>
         <ref id="d7623e368a1310">
            <mixed-citation id="d7623e372" publication-type="book">
Bigard, Barney. 1986. With Louis and the Duke (New York)<person-group>
                  <string-name xmlns:xlink="http://www.w3.org/1999/xlink">
                     <surname>Bigard</surname>
                  </string-name>
               </person-group>
               <source>With Louis and the Duke</source>
               <year>1986</year>
            </mixed-citation>
         </ref>
         <ref id="d7623e394a1310">
            <mixed-citation id="d7623e398" publication-type="book">
Blesh, Rudi. 1971 [1950]. They All Played Ragtime (New York)<person-group>
                  <string-name xmlns:xlink="http://www.w3.org/1999/xlink">
                     <surname>Blesh</surname>
                  </string-name>
               </person-group>
               <source>They All Played Ragtime</source>
               <year>1971</year>
            </mixed-citation>
            <mixed-citation id="d7623e419" publication-type="book">
1973. 'Introduction', to Classic Piano Rags: Complete Original Music for Rags, p. vii (New York)<person-group>
                  <string-name xmlns:xlink="http://www.w3.org/1999/xlink">
                     <surname>Blesh</surname>
                  </string-name>
               </person-group>
               <comment content-type="section">Introduction</comment>
               <fpage>vii</fpage>
               <source>Classic Piano Rags: Complete Original Music for Rags</source>
               <year>1973</year>
            </mixed-citation>
         </ref>
         <ref id="d7623e449a1310">
            <mixed-citation id="d7623e453" publication-type="journal">
Borneman, Ernest. 1969. 'Jazz and the Creole Tradition', Jazzforschung, Vol. I<person-group>
                  <string-name xmlns:xlink="http://www.w3.org/1999/xlink">
                     <surname>Borneman</surname>
                  </string-name>
               </person-group>
               <volume>I</volume>
               <source>Jazzforschung</source>
               <year>1969</year>
            </mixed-citation>
         </ref>
         <ref id="d7623e478a1310">
            <mixed-citation id="d7623e482" publication-type="journal">
Boulard, Gary. 1988. 'Blacks, Italians and the making of New Orleans jazz', Journal of Ethnic Studies,
16(1), pp. 53-66<person-group>
                  <string-name xmlns:xlink="http://www.w3.org/1999/xlink">
                     <surname>Boulard</surname>
                  </string-name>
               </person-group>
               <issue>1</issue>
               <fpage>53</fpage>
               <volume>16</volume>
               <source>Journal of Ethnic Studies</source>
               <year>1988</year>
            </mixed-citation>
         </ref>
         <ref id="d7623e517a1310">
            <mixed-citation id="d7623e521" publication-type="book">
Bushell, Garvin. 1988. Jazz From the Beginning (Ann Arbor)<person-group>
                  <string-name xmlns:xlink="http://www.w3.org/1999/xlink">
                     <surname>Bushell</surname>
                  </string-name>
               </person-group>
               <source>Jazz From the Beginning</source>
               <year>1988</year>
            </mixed-citation>
         </ref>
         <ref id="d7623e543a1310">
            <mixed-citation id="d7623e547" publication-type="journal">
Cavin, Susan. 1974. 'Missing Women: On the Voodoo Trail to Jazz', Journal of Jazz Studies, III (Fall), pp.
4-27<person-group>
                  <string-name xmlns:xlink="http://www.w3.org/1999/xlink">
                     <surname>Cavin</surname>
                  </string-name>
               </person-group>
               <issue>Fall</issue>
               <fpage>4</fpage>
               <volume>III</volume>
               <source>Journal of Jazz Studies</source>
               <year>1974</year>
            </mixed-citation>
         </ref>
         <ref id="d7623e582a1310">
            <mixed-citation id="d7623e586" publication-type="book">
Charters, Samuel. 1972 [1958]. Jazz: New Orleans, 1885-1963 (New York)<person-group>
                  <string-name xmlns:xlink="http://www.w3.org/1999/xlink">
                     <surname>Charters</surname>
                  </string-name>
               </person-group>
               <source>Jazz: New Orleans, 1885-1963</source>
               <year>1972</year>
            </mixed-citation>
         </ref>
         <ref id="d7623e608a1310">
            <mixed-citation id="d7623e612" publication-type="book">
Chilton, John. 1972. Who's Who of Jazz (Philadelphia)<person-group>
                  <string-name xmlns:xlink="http://www.w3.org/1999/xlink">
                     <surname>Chilton</surname>
                  </string-name>
               </person-group>
               <source>Who's Who of Jazz</source>
               <year>1972</year>
            </mixed-citation>
         </ref>
         <ref id="d7623e635a1310">
            <mixed-citation id="d7623e639" publication-type="book">
1987. Sidney Bechet, the Wizard of Jazz (London)<person-group>
                  <string-name xmlns:xlink="http://www.w3.org/1999/xlink">
                     <surname>Chilton</surname>
                  </string-name>
               </person-group>
               <source>Sidney Bechet, the Wizard of Jazz</source>
               <year>1987</year>
            </mixed-citation>
         </ref>
         <ref id="d7623e661a1310">
            <mixed-citation id="d7623e665" publication-type="book">
City of New Orleans, Records Conveyance Office (Notarial Archives), Books 131, 194-8<person-group>
                  <string-name xmlns:xlink="http://www.w3.org/1999/xlink">
                     <surname>City of New Orleans</surname>
                  </string-name>
               </person-group>
               <fpage>131</fpage>
               <source>Books</source>
            </mixed-citation>
         </ref>
         <ref id="d7623e687a1310">
            <mixed-citation id="d7623e691" publication-type="book">
Collier, James Lincoln. 1983. Louis Armstrong: An American Genius (New York)<person-group>
                  <string-name xmlns:xlink="http://www.w3.org/1999/xlink">
                     <surname>Collier</surname>
                  </string-name>
               </person-group>
               <source>Louis Armstrong: An American Genius</source>
               <year>1983</year>
            </mixed-citation>
         </ref>
         <ref id="d7623e713a1310">
            <mixed-citation id="d7623e717" publication-type="book">
Davin, Thomas. 1985. 'Conversations with James P. Johnson', in Ragtime, ed. John E. Haas (New York)
pp. 166-77.<person-group>
                  <string-name xmlns:xlink="http://www.w3.org/1999/xlink">
                     <surname>Davin</surname>
                  </string-name>
               </person-group>
               <comment content-type="section">Conversations with James P. Johnson</comment>
               <fpage>166</fpage>
               <source>Ragtime</source>
               <year>1985</year>
            </mixed-citation>
         </ref>
         <ref id="d7623e749a1310">
            <mixed-citation id="d7623e753" publication-type="book">
Domínguez, Virginia. 1986. White by Definition: Social Classification in Creole Louisiana (New Brunswick,
NJ)<person-group>
                  <string-name xmlns:xlink="http://www.w3.org/1999/xlink">
                     <surname>Domínguez</surname>
                  </string-name>
               </person-group>
               <source>White by Definition: Social Classification in Creole Louisiana</source>
               <year>1986</year>
            </mixed-citation>
         </ref>
         <ref id="d7623e778a1310">
            <mixed-citation id="d7623e782" publication-type="journal">
Dorrance, Ward. 1935. 'The survival of French in the District of Sainte-Genevieve', The University of
Missouri: Studies, X(2)<person-group>
                  <string-name xmlns:xlink="http://www.w3.org/1999/xlink">
                     <surname>Dorrance</surname>
                  </string-name>
               </person-group>
               <issue>2</issue>
               <volume>X</volume>
               <source>The University of Missouri: Studies</source>
               <year>1935</year>
            </mixed-citation>
         </ref>
         <ref id="d7623e815a1310">
            <mixed-citation id="d7623e819" publication-type="other">
Draper, David. 1973. 'The Mardi Gras Indians', unpublished PhD Dissertation, Tulane University</mixed-citation>
         </ref>
         <ref id="d7623e826a1310">
            <mixed-citation id="d7623e830" publication-type="book">
Eco, Umberto. 1984. The Name of the Rose (New York)<person-group>
                  <string-name xmlns:xlink="http://www.w3.org/1999/xlink">
                     <surname>Eco</surname>
                  </string-name>
               </person-group>
               <source>The Name of the Rose</source>
               <year>1984</year>
            </mixed-citation>
         </ref>
         <ref id="d7623e852a1310">
            <mixed-citation id="d7623e856" publication-type="book">
Epstein, Dena. 1977. Sinful Tunes and Spirituals (Urbana IL)<person-group>
                  <string-name xmlns:xlink="http://www.w3.org/1999/xlink">
                     <surname>Epstein</surname>
                  </string-name>
               </person-group>
               <source>Sinful Tunes and Spirituals</source>
               <year>1977</year>
            </mixed-citation>
         </ref>
         <ref id="d7623e878a1310">
            <mixed-citation id="d7623e882" publication-type="journal">
1975. 'The folk banjo: a documentary history', Ethnomusicology, XIX, pp. 351-2<object-id pub-id-type="doi">10.2307/850790</object-id>
               <fpage>351</fpage>
            </mixed-citation>
         </ref>
         <ref id="d7623e895a1310">
            <mixed-citation id="d7623e899" publication-type="book">
Feather, Leonard. 1960. The New Edition of the Encyclopedia of Jazz (New York)<person-group>
                  <string-name xmlns:xlink="http://www.w3.org/1999/xlink">
                     <surname>Feather</surname>
                  </string-name>
               </person-group>
               <source>The New Edition of the Encyclopedia of Jazz</source>
               <year>1960</year>
            </mixed-citation>
         </ref>
         <ref id="d7623e921a1310">
            <mixed-citation id="d7623e925" publication-type="book">
Fiehrer, Thomas. 1977. 'The African Presence in Colonial Louisiana', in Louisiana's Black Heritage, ed. by
R. Macdonald et al. (Baton Rouge) pp. 3-31<person-group>
                  <string-name xmlns:xlink="http://www.w3.org/1999/xlink">
                     <surname>Fiehrer</surname>
                  </string-name>
               </person-group>
               <comment content-type="section">The African Presence in Colonial Louisiana</comment>
               <fpage>3</fpage>
               <source>Louisiana's Black Heritage</source>
               <year>1977</year>
            </mixed-citation>
            <mixed-citation id="d7623e956" publication-type="journal">
1989. 'Saint-Domingue/Haiti: Louisiana's Caribbean Connection', Louisiana History, XXX(4), pp.
419-37<person-group>
                  <string-name xmlns:xlink="http://www.w3.org/1999/xlink">
                     <surname>Fiehrer</surname>
                  </string-name>
               </person-group>
               <issue>4</issue>
               <fpage>419</fpage>
               <volume>XXX</volume>
               <source>Louisiana History</source>
               <year>1989</year>
            </mixed-citation>
            <mixed-citation id="d7623e990" publication-type="other">
1990. 'Notes Toward a Cultural Geography of the Gulf Coast', unpublished</mixed-citation>
         </ref>
         <ref id="d7623e998a1310">
            <mixed-citation id="d7623e1002" publication-type="book">
Foster, Pops. 1971. The Autobiography of Pops Foster (Berkeley CA)<person-group>
                  <string-name xmlns:xlink="http://www.w3.org/1999/xlink">
                     <surname>Foster</surname>
                  </string-name>
               </person-group>
               <source>The Autobiography of Pops Foster</source>
               <year>1971</year>
            </mixed-citation>
         </ref>
         <ref id="d7623e1024a1310">
            <mixed-citation id="d7623e1028" publication-type="book">
Gandy, Joan and Thomas. 1987. The Mississippi Steamboat Era (Mineola, New York)<person-group>
                  <string-name xmlns:xlink="http://www.w3.org/1999/xlink">
                     <surname>Gandy</surname>
                  </string-name>
               </person-group>
               <source>The Mississippi Steamboat Era</source>
               <year>1987</year>
            </mixed-citation>
         </ref>
         <ref id="d7623e1050a1310">
            <mixed-citation id="d7623e1054" publication-type="book">
Gottschalk, Louis Moreau. 1964. Notes of a Pianist (New York)<person-group>
                  <string-name xmlns:xlink="http://www.w3.org/1999/xlink">
                     <surname>Gottschalk</surname>
                  </string-name>
               </person-group>
               <source>Notes of a Pianist</source>
               <year>1964</year>
            </mixed-citation>
         </ref>
         <ref id="d7623e1076a1310">
            <mixed-citation id="d7623e1080" publication-type="journal">
Gushee, Lawrence. 1985. 'A preliminary chronology of the early career of Ferd "Jelly Roll" Morton',
American Music, III-IV (Winter), pp. 389-412<object-id pub-id-type="doi">10.2307/3051827</object-id>
               <fpage>389</fpage>
            </mixed-citation>
         </ref>
         <ref id="d7623e1096a1310">
            <mixed-citation id="d7623e1100" publication-type="book">
Hare, Maude Cuny. 1936. Creole Songs (New York)<person-group>
                  <string-name xmlns:xlink="http://www.w3.org/1999/xlink">
                     <surname>Hare</surname>
                  </string-name>
               </person-group>
               <source>Creole Songs</source>
               <year>1936</year>
            </mixed-citation>
         </ref>
         <ref id="d7623e1122a1310">
            <mixed-citation id="d7623e1126" publication-type="book">
Hasse, John Edward, ed. 1985. Ragtime: Its History, Composers and Music (New York)<person-group>
                  <string-name xmlns:xlink="http://www.w3.org/1999/xlink">
                     <surname>Hasse</surname>
                  </string-name>
               </person-group>
               <source>Ragtime: Its History, Composers and Music</source>
               <year>1985</year>
            </mixed-citation>
         </ref>
         <ref id="d7623e1149a1310">
            <mixed-citation id="d7623e1153" publication-type="journal">
Hester, Mary Lee. 1989. 'Creole trumpet', Mississippi Rag (September), pp. 1-4<person-group>
                  <string-name xmlns:xlink="http://www.w3.org/1999/xlink">
                     <surname>Hester</surname>
                  </string-name>
               </person-group>
               <issue>September</issue>
               <fpage>1</fpage>
               <source>Mississippi Rag</source>
               <year>1989</year>
            </mixed-citation>
         </ref>
         <ref id="d7623e1182a1310">
            <mixed-citation id="d7623e1186" publication-type="book">
Hitchcock, R. 1979. Exploring Music (London)<person-group>
                  <string-name xmlns:xlink="http://www.w3.org/1999/xlink">
                     <surname>Hitchcock</surname>
                  </string-name>
               </person-group>
               <source>Exploring Music</source>
               <year>1979</year>
            </mixed-citation>
         </ref>
         <ref id="d7623e1208a1310">
            <mixed-citation id="d7623e1212" publication-type="book">
Hodeir, Andre. 1956. Jazz: Its Evolution and Essence (New York)<person-group>
                  <string-name xmlns:xlink="http://www.w3.org/1999/xlink">
                     <surname>Hodeir</surname>
                  </string-name>
               </person-group>
               <source>Jazz: Its Evolution and Essence</source>
               <year>1956</year>
            </mixed-citation>
         </ref>
         <ref id="d7623e1234a1310">
            <mixed-citation id="d7623e1238" publication-type="journal">
Hull, Alexander. 1974. 'Evidence of the original unity of North American French dialects', Revue
Louisianaise, III, pp. 59-70<person-group>
                  <string-name xmlns:xlink="http://www.w3.org/1999/xlink">
                     <surname>Hull</surname>
                  </string-name>
               </person-group>
               <fpage>59</fpage>
               <volume>III</volume>
               <source>Revue Louisianaise</source>
               <year>1974</year>
            </mixed-citation>
         </ref>
         <ref id="d7623e1270a1310">
            <mixed-citation id="d7623e1274" publication-type="book">
Hunt, Alfred. 1988. Haiti's Influence on Antebellum America (Baton Rouge)<person-group>
                  <string-name xmlns:xlink="http://www.w3.org/1999/xlink">
                     <surname>Hunt</surname>
                  </string-name>
               </person-group>
               <source>Haiti's Influence on Antebellum America</source>
               <year>1988</year>
            </mixed-citation>
         </ref>
         <ref id="d7623e1296a1310">
            <mixed-citation id="d7623e1300" publication-type="book">
Jahn, Janheinz. 1961 [1958]. Muntu (New York)<person-group>
                  <string-name xmlns:xlink="http://www.w3.org/1999/xlink">
                     <surname>Jahn</surname>
                  </string-name>
               </person-group>
               <source>Muntu</source>
               <year>1961</year>
            </mixed-citation>
         </ref>
         <ref id="d7623e1323a1310">
            <mixed-citation id="d7623e1327" publication-type="journal">
Kendall, John. 1948. 'New Orleans musicians of long ago', Louisiana Historical Quarterly, LXI(2)<person-group>
                  <string-name xmlns:xlink="http://www.w3.org/1999/xlink">
                     <surname>Kendall</surname>
                  </string-name>
               </person-group>
               <issue>2</issue>
               <volume>LXI</volume>
               <source>Louisiana Historical Quarterly</source>
               <year>1948</year>
            </mixed-citation>
         </ref>
         <ref id="d7623e1356a1310">
            <mixed-citation id="d7623e1360" publication-type="book">
Kingman, Daniel. 1979. American Music: A Panorama (New York)<person-group>
                  <string-name xmlns:xlink="http://www.w3.org/1999/xlink">
                     <surname>Kingman</surname>
                  </string-name>
               </person-group>
               <source>American Music: A Panorama</source>
               <year>1979</year>
            </mixed-citation>
         </ref>
         <ref id="d7623e1382a1310">
            <mixed-citation id="d7623e1386" publication-type="other">
Kmen, Henry. 1961. 'Music and dancing in New Orleans', unpublished PhD Dissertation, Tulane
University</mixed-citation>
         </ref>
         <ref id="d7623e1396a1310">
            <mixed-citation id="d7623e1400" publication-type="book">
Labat, Pere. 1735. Nouveau voyage ... , 6 vols (Paris) vol. V<person-group>
                  <string-name xmlns:xlink="http://www.w3.org/1999/xlink">
                     <surname>Labat</surname>
                  </string-name>
               </person-group>
               <volume>V</volume>
               <source>Nouveau voyage ...</source>
               <year>1735</year>
            </mixed-citation>
         </ref>
         <ref id="d7623e1425a1310">
            <mixed-citation id="d7623e1429" publication-type="book">
Labrew, Arthur. 1984. 'Edmond Dede, 1827-1901: biographie et vie et musique' (Detroit) [pamphlet]<person-group>
                  <string-name xmlns:xlink="http://www.w3.org/1999/xlink">
                     <surname>Labrew</surname>
                  </string-name>
               </person-group>
               <source>Edmond Dede, 1827-1901: biographie et vie et musique</source>
               <year>1984</year>
            </mixed-citation>
         </ref>
         <ref id="d7623e1451a1310">
            <mixed-citation id="d7623e1455" publication-type="journal">
Lachance, Paul. 1980. 'Les vaincus de la revolution haitienne en quote d'un refuge', Revue de la société
haitienne d'histoire, 38(126), pp. 15-30<person-group>
                  <string-name xmlns:xlink="http://www.w3.org/1999/xlink">
                     <surname>Lachance</surname>
                  </string-name>
               </person-group>
               <issue>126</issue>
               <fpage>15</fpage>
               <volume>38</volume>
               <source>Revue de la société haitienne d'histoire</source>
               <year>1980</year>
            </mixed-citation>
            <mixed-citation id="d7623e1489" publication-type="journal">
1988. 'The 1809 immigration of Saint-Domingue refugees to New Orleans: reception, integration, and
impact', Louisiana History, XXIX (Spring), pp. 109-41<person-group>
                  <string-name xmlns:xlink="http://www.w3.org/1999/xlink">
                     <surname>Lachance</surname>
                  </string-name>
               </person-group>
               <issue>Spring</issue>
               <fpage>109</fpage>
               <volume>XXIX</volume>
               <source>Louisiana History</source>
               <year>1988</year>
            </mixed-citation>
         </ref>
         <ref id="d7623e1525a1310">
            <mixed-citation id="d7623e1529" publication-type="journal">
Le Jeune, Emilie. 1919. 'Creole folk songs', Louisiana Historical Quarterly, XX (Oct.), pp. 454-62<person-group>
                  <string-name xmlns:xlink="http://www.w3.org/1999/xlink">
                     <surname>Le Jeune</surname>
                  </string-name>
               </person-group>
               <issue>Oct.</issue>
               <fpage>454</fpage>
               <volume>XX</volume>
               <source>Louisiana Historical Quarterly</source>
               <year>1919</year>
            </mixed-citation>
         </ref>
         <ref id="d7623e1561a1310">
            <mixed-citation id="d7623e1565" publication-type="other">
Levy, Louis Herman. 1976. 'The Formalization of New Orleans Jazz Musicians', unpublished PhD
Dissertation, Virginia Polytechnic Institute</mixed-citation>
         </ref>
         <ref id="d7623e1575a1310">
            <mixed-citation id="d7623e1579" publication-type="book">
Lowe, Donald M. 1982. History of Bourgeois Consciousness (Chicago)<person-group>
                  <string-name xmlns:xlink="http://www.w3.org/1999/xlink">
                     <surname>Lowe</surname>
                  </string-name>
               </person-group>
               <source>History of Bourgeois Consciousness</source>
               <year>1982</year>
            </mixed-citation>
         </ref>
         <ref id="d7623e1601a1310">
            <mixed-citation id="d7623e1605" publication-type="book">
Marquis, Donald. 1978. In Search of Buddy Bolden (Baton Rouge)<person-group>
                  <string-name xmlns:xlink="http://www.w3.org/1999/xlink">
                     <surname>Marquis</surname>
                  </string-name>
               </person-group>
               <source>Search of Buddy Bolden</source>
               <year>1978</year>
            </mixed-citation>
         </ref>
         <ref id="d7623e1627a1310">
            <mixed-citation id="d7623e1631" publication-type="book">
Martinez, Raymond J. (ed.). 1971. Portraits of New Orleans Jazz (Jefferson, LA)<person-group>
                  <string-name xmlns:xlink="http://www.w3.org/1999/xlink">
                     <surname>Martinez</surname>
                  </string-name>
               </person-group>
               <source>Portraits of New Orleans Jazz</source>
               <year>1971</year>
            </mixed-citation>
         </ref>
         <ref id="d7623e1653a1310">
            <mixed-citation id="d7623e1657" publication-type="book">
Mills, Gary. 1977. The Forgotten People (Baton Rouge)<person-group>
                  <string-name xmlns:xlink="http://www.w3.org/1999/xlink">
                     <surname>Mills</surname>
                  </string-name>
               </person-group>
               <source>The Forgotten People</source>
               <year>1977</year>
            </mixed-citation>
         </ref>
         <ref id="d7623e1680a1310">
            <mixed-citation id="d7623e1684" publication-type="journal">
Neumann, Ingrid. 1984. 'La creole des blancs en louisiane', Etudes Crdoles, VI(2), pp. 63-78<person-group>
                  <string-name xmlns:xlink="http://www.w3.org/1999/xlink">
                     <surname>Neumann</surname>
                  </string-name>
               </person-group>
               <issue>2</issue>
               <fpage>63</fpage>
               <volume>VI</volume>
               <source>Etudes Crdoles</source>
               <year>1984</year>
            </mixed-citation>
         </ref>
         <ref id="d7623e1716a1310">
            <mixed-citation id="d7623e1720" publication-type="journal">
New Orleans Picayune. 12 October 1879, p. 14<issue>12 October</issue>
               <fpage>14</fpage>
               <source>New Orleans Picayune</source>
               <year>1879</year>
            </mixed-citation>
         </ref>
         <ref id="d7623e1739a1310">
            <mixed-citation id="d7623e1743" publication-type="book">
O'Neill, Charles E. 1977. 'New Orleans composers of the nineteenth century', Louisiana's Black Heritage.
ed. R. Macdonald et al. (Baton Rouge) pp. 130-7<person-group>
                  <string-name xmlns:xlink="http://www.w3.org/1999/xlink">
                     <surname>O'Neill</surname>
                  </string-name>
               </person-group>
               <comment content-type="section">New Orleans composers of the nineteenth century</comment>
               <fpage>130</fpage>
               <source>Louisiana's Black Heritage</source>
               <year>1977</year>
            </mixed-citation>
         </ref>
         <ref id="d7623e1775a1310">
            <mixed-citation id="d7623e1779" publication-type="book">
Pulszky, Theresa. 1836. White, Red and Black, 3 vols. (London)<person-group>
                  <string-name xmlns:xlink="http://www.w3.org/1999/xlink">
                     <surname>Pulszky</surname>
                  </string-name>
               </person-group>
               <source>White, Red and Black</source>
               <year>1836</year>
            </mixed-citation>
         </ref>
         <ref id="d7623e1801a1310">
            <mixed-citation id="d7623e1805" publication-type="journal">
Revue Louisianaise, 1(22), 30 aofit 1846<issue>22</issue>
               <fpage>30</fpage>
               <volume>1</volume>
               <source>Revue Louisianaise</source>
               <year>1846</year>
            </mixed-citation>
         </ref>
         <ref id="d7623e1828a1310">
            <mixed-citation id="d7623e1832" publication-type="book">
Roberts, John Storm. 1979. The Latin Tinge. (New York)<person-group>
                  <string-name xmlns:xlink="http://www.w3.org/1999/xlink">
                     <surname>Roberts</surname>
                  </string-name>
               </person-group>
               <source>The Latin Tinge</source>
               <year>1979</year>
            </mixed-citation>
         </ref>
         <ref id="d7623e1855a1310">
            <mixed-citation id="d7623e1859" publication-type="book">
Rose, Al. 1987. I Remember Jazz: Six Decades Among the Great Jazzmen (Baton Rouge)<person-group>
                  <string-name xmlns:xlink="http://www.w3.org/1999/xlink">
                     <surname>Rose</surname>
                  </string-name>
               </person-group>
               <source>I Remember Jazz: Six Decades Among the Great Jazzmen</source>
               <year>1987</year>
            </mixed-citation>
         </ref>
         <ref id="d7623e1881a1310">
            <mixed-citation id="d7623e1885" publication-type="book">
Rose, Al and Edmond Suchon. 1967. New Orleans Jazz: A Family Album (Baton Rouge)<person-group>
                  <string-name xmlns:xlink="http://www.w3.org/1999/xlink">
                     <surname>Rose</surname>
                  </string-name>
               </person-group>
               <source>New Orleans Jazz: A Family Album</source>
               <year>1967</year>
            </mixed-citation>
         </ref>
         <ref id="d7623e1907a1310">
            <mixed-citation id="d7623e1911" publication-type="book">
Rosenthal, G., and F. Zachary (eds.). 1946. Jazz Ways (New York)<person-group>
                  <string-name xmlns:xlink="http://www.w3.org/1999/xlink">
                     <surname>Rosenthal</surname>
                  </string-name>
               </person-group>
               <source>Jazz Ways</source>
               <year>1946</year>
            </mixed-citation>
         </ref>
         <ref id="d7623e1933a1310">
            <mixed-citation id="d7623e1937" publication-type="book">
Sadie, Stanley (ed.) 1980. The New Grove Dictionary of Music and Musicians, Vol. IX (New York)<person-group>
                  <string-name xmlns:xlink="http://www.w3.org/1999/xlink">
                     <surname>Sadie</surname>
                  </string-name>
               </person-group>
               <volume>IX</volume>
               <source>The New Grove Dictionary of Music and Musicians</source>
               <year>1980</year>
            </mixed-citation>
         </ref>
         <ref id="d7623e1962a1310">
            <mixed-citation id="d7623e1966" publication-type="book">
Schafer, William J. 1977. Brass Bands and New Orleans Jazz (Baton Rouge)<person-group>
                  <string-name xmlns:xlink="http://www.w3.org/1999/xlink">
                     <surname>Schafer</surname>
                  </string-name>
               </person-group>
               <source>Brass Bands and New Orleans Jazz</source>
               <year>1977</year>
            </mixed-citation>
         </ref>
         <ref id="d7623e1988a1310">
            <mixed-citation id="d7623e1992" publication-type="book">
1989. 'Jazz', Encyclopedia of Southern Culture (Chapel Hill) pp. 1016-18<person-group>
                  <string-name xmlns:xlink="http://www.w3.org/1999/xlink">
                     <surname>Schafer</surname>
                  </string-name>
               </person-group>
               <comment content-type="section">Jazz</comment>
               <fpage>1016</fpage>
               <source>Encyclopedia of Southern Culture</source>
               <year>1989</year>
            </mixed-citation>
         </ref>
         <ref id="d7623e2022a1310">
            <mixed-citation id="d7623e2026" publication-type="book">
Schuller, Gunther. 1968. Early Jazz. (New York)<person-group>
                  <string-name xmlns:xlink="http://www.w3.org/1999/xlink">
                     <surname>Schuller</surname>
                  </string-name>
               </person-group>
               <source>Early Jazz</source>
               <year>1968</year>
            </mixed-citation>
         </ref>
         <ref id="d7623e2048a1310">
            <mixed-citation id="d7623e2052" publication-type="book">
Siegmeister, E. (ed.) 1943. The Music Lover's Handbook (New York)<person-group>
                  <string-name xmlns:xlink="http://www.w3.org/1999/xlink">
                     <surname>Siegmeister</surname>
                  </string-name>
               </person-group>
               <source>The Music Lover's Handbook</source>
               <year>1943</year>
            </mixed-citation>
         </ref>
         <ref id="d7623e2074a1310">
            <mixed-citation id="d7623e2078" publication-type="book">
Soard's New Orleans City Directory. 1880-1915<source>Soard's New Orleans City Directory</source>
               <year>1915</year>
            </mixed-citation>
         </ref>
         <ref id="d7623e2091a1310">
            <mixed-citation id="d7623e2095" publication-type="book">
Sonnier, Austin. 1990. Second Linin': Jazzmen of Southwest Louisiana, 1900-1950 (Lafayette, LA)<person-group>
                  <string-name xmlns:xlink="http://www.w3.org/1999/xlink">
                     <surname>Sonnier</surname>
                  </string-name>
               </person-group>
               <source>Second Linin': Jazzmen of Southwest Louisiana, 1900-1950</source>
               <year>1990</year>
            </mixed-citation>
         </ref>
         <ref id="d7623e2117a1310">
            <mixed-citation id="d7623e2121" publication-type="book">
Stearns, Marshall and Jean. 1968. Jazz Dance (New York)<person-group>
                  <string-name xmlns:xlink="http://www.w3.org/1999/xlink">
                     <surname>Stearns</surname>
                  </string-name>
               </person-group>
               <source>Jazz Dance</source>
               <year>1968</year>
            </mixed-citation>
         </ref>
         <ref id="d7623e2143a1310">
            <mixed-citation id="d7623e2147" publication-type="journal">
Tagg, Philip. 1989. '"Black Music", "Afro-American Music" and "European Music"', Popular Music,
8(3), pp. 285-98<object-id pub-id-type="jstor">10.2307/931278</object-id>
               <fpage>285</fpage>
            </mixed-citation>
         </ref>
         <ref id="d7623e2164a1310">
            <mixed-citation id="d7623e2168" publication-type="journal">
Tinker, Edouard Larocque. 1935. 'Gombo: the Creole dialect of Louisiana', Proceedings of the American
Antiquarian Society (April), pp. 29-30<person-group>
                  <string-name xmlns:xlink="http://www.w3.org/1999/xlink">
                     <surname>Tinker</surname>
                  </string-name>
               </person-group>
               <issue>April</issue>
               <fpage>29</fpage>
               <source>Proceedings of the American Antiquarian Society</source>
               <year>1935</year>
            </mixed-citation>
         </ref>
         <ref id="d7623e2200a1310">
            <mixed-citation id="d7623e2204" publication-type="book">
Trotter, James M. 1881. Music and some Highly Musical People (Boston)<person-group>
                  <string-name xmlns:xlink="http://www.w3.org/1999/xlink">
                     <surname>Trotter</surname>
                  </string-name>
               </person-group>
               <source>Music and some Highly Musical People</source>
               <year>1881</year>
            </mixed-citation>
         </ref>
         <ref id="d7623e2226a1310">
            <mixed-citation id="d7623e2230" publication-type="other">
Tureaud, A.P. Tureaud Papers, Box 76, Amistad Research Center, New Orleans</mixed-citation>
         </ref>
         <ref id="d7623e2237a1310">
            <mixed-citation id="d7623e2241" publication-type="book">
Turner, Victor. 1969. The Ritual Process: Structure and Anti-Structure (London)<person-group>
                  <string-name xmlns:xlink="http://www.w3.org/1999/xlink">
                     <surname>Turner</surname>
                  </string-name>
               </person-group>
               <source>The Ritual Process: Structure and Anti-Structure</source>
               <year>1969</year>
            </mixed-citation>
         </ref>
         <ref id="d7623e2263a1310">
            <mixed-citation id="d7623e2267" publication-type="book">
Ulanov, Barry. 1952. History of Jazz in America (New York)<person-group>
                  <string-name xmlns:xlink="http://www.w3.org/1999/xlink">
                     <surname>Ulanov</surname>
                  </string-name>
               </person-group>
               <source>History of Jazz in America</source>
               <year>1952</year>
            </mixed-citation>
         </ref>
         <ref id="d7623e2289a1310">
            <mixed-citation id="d7623e2293" publication-type="other">
US Census Office, 10th Census, 1880, Population Schedule for Louisiana, City of New Orleans,
Schedule I</mixed-citation>
         </ref>
         <ref id="d7623e2304a1310">
            <mixed-citation id="d7623e2308" publication-type="other">
Works Progress Administration. 1938. Federal Writer's Project for the City of New Orleans. New York.</mixed-citation>
         </ref>
      </ref-list>
   </back>
</article>
