<article dtd-version="1.0" article-type="research-article">
   <front>
      <journal-meta>
         <journal-id xmlns:xlink="http://www.w3.org/1999/xlink" journal-id-type="jstor">popularmusic</journal-id>
         <journal-id xmlns:xlink="http://www.w3.org/1999/xlink" journal-id-type="jstor">j100590</journal-id>
         <journal-title-group xmlns:xlink="http://www.w3.org/1999/xlink">
            <journal-title>Popular Music</journal-title>
         </journal-title-group>
         <publisher>
            <publisher-name>Cambridge University Press</publisher-name>
         </publisher>
         <issn xmlns:xlink="http://www.w3.org/1999/xlink" pub-type="ppub">02611430</issn>
         <issn xmlns:xlink="http://www.w3.org/1999/xlink" pub-type="epub">14740095</issn>
      </journal-meta>
      <article-meta>
         <article-id xmlns:xlink="http://www.w3.org/1999/xlink" pub-id-type="jstor">853057</article-id>
         <title-group>
            <article-title>Concert and Dance: The Foundations of Black Jazz in South Africa between the Twenties and the Early Forties</article-title>
         </title-group>
         <contrib-group>
            <contrib contrib-type="author">
               <string-name xmlns:xlink="http://www.w3.org/1999/xlink">
                  <given-names>Christopher</given-names>
                  <surname>Ballantine</surname>
               </string-name>
            </contrib>
         </contrib-group>
         <pub-date xmlns:xlink="http://www.w3.org/1999/xlink">
            <day>1</day>
            <month>5</month>
            <year>1991</year>
         </pub-date>
         <volume>10</volume>
         <issue>2</issue>
         <issue-id xmlns:xlink="http://www.w3.org/1999/xlink">i235376</issue-id>
         <fpage>121</fpage>
         <lpage>145</lpage>
         <page-range>121-145</page-range>
         <permissions>
            <copyright-statement>Copyright 1991 Cambridge University Press</copyright-statement>
         </permissions>
         <self-uri xmlns:xlink="http://www.w3.org/1999/xlink"
                   xlink:href="http://www.jstor.org/stable/853057"/>
         <custom-meta-group xmlns:xlink="http://www.w3.org/1999/xlink">
            <custom-meta>
               <meta-name>lang</meta-name>
               <meta-value>eng</meta-value>
            </custom-meta>
         </custom-meta-group>
      </article-meta>
   </front>
   <back>
      <ref-list>
         <title>Endnotes</title>
         <ref id="d670e160a1310">
            <label>1</label>
            <mixed-citation id="d670e167" publication-type="other">
Pretorius 1987</mixed-citation>
         </ref>
         <ref id="d670e174a1310">
            <label>4</label>
            <mixed-citation id="d670e181" publication-type="conference">
Erlmann
(1986)  </mixed-citation>
         </ref>
         <ref id="d670e193a1310">
            <label>5</label>
            <mixed-citation id="d670e200" publication-type="book">
BMSC Annual Report, 1926 (AD843/B73.1:
Department of Historical Papers, University of
the Witwatersrand Library).<source>BMSC Annual Report</source>
               <year>1926</year>
            </mixed-citation>
         </ref>
         <ref id="d670e219a1310">
            <label>6</label>
            <mixed-citation id="d670e226" publication-type="other">
Herbert Dhlomo (ILN, 16
August 1952)</mixed-citation>
         </ref>
         <ref id="d670e237a1310">
            <label>7</label>
            <mixed-citation id="d670e244" publication-type="book">
Letter to J.D. Rheinallt Jones, 4 November 1935
(AD843/B47: Department of Historical Papers,
University of the Witwatersrand Library).<source>Letter to J.D. Rheinallt Jones</source>
               <year>1935</year>
            </mixed-citation>
         </ref>
         <ref id="d670e263a1310">
            <label>9</label>
            <mixed-citation id="d670e270" publication-type="other">
Coplan
(1980, p. 191)</mixed-citation>
         </ref>
         <ref id="d670e280a1310">
            <label>10</label>
            <mixed-citation id="d670e287" publication-type="conference">
Jeremiah Nlatseng's Mokgoro Band, for
instance, played in such an entertainment in
the Community Hall, Batho Location, Bloem-
fontein, in July 1923 (UWB, 21 July 1923).<person-group>
                  <string-name xmlns:xlink="http://www.w3.org/1999/xlink">
                     <surname>Nlatseng</surname>
                  </string-name>
               </person-group>
               <source>Mokgoro Band, for instance, played in such an entertainment in the Community Hall</source>
               <year>1923</year>
            </mixed-citation>
         </ref>
         <ref id="d670e319a1310">
            <label>11</label>
            <mixed-citation id="d670e326" publication-type="book">
Hellmann (1948, pp. 43ff)  <fpage>43ff</fpage>
            </mixed-citation>
         </ref>
         <ref id="d670e338a1310">
            <label>12</label>
            <mixed-citation id="d670e345" publication-type="other">
Peter Rezant, verbal communication, 17
February 1988</mixed-citation>
         </ref>
         <ref id="d670e355a1310">
            <label>13</label>
            <mixed-citation id="d670e362" publication-type="other">
Rezant 1984</mixed-citation>
         </ref>
         <ref id="d670e370a1310">
            <label>14</label>
            <mixed-citation id="d670e377" publication-type="book">
Down Argen-
tine Way (1940)<source>Down Argentine Way</source>
               <year>1940</year>
            </mixed-citation>
            <mixed-citation id="d670e392" publication-type="book">
That Night in Rio (1941)<source>That Night in Rio</source>
               <year>1941</year>
            </mixed-citation>
            <mixed-citation id="d670e404" publication-type="book">
Weedend in Havana (1941)<source>Weedend in Havana</source>
               <year>1941</year>
            </mixed-citation>
            <mixed-citation id="d670e417" publication-type="book">
Springtime in the
Rockies (1942)<source>Springtime in the Rockies</source>
               <year>1942</year>
            </mixed-citation>
         </ref>
         <ref id="d670e433a1310">
            <label>15</label>
            <mixed-citation id="d670e440" publication-type="book">
Phillips (n.d., pp. 298-9)  <fpage>298</fpage>
            </mixed-citation>
         </ref>
         <ref id="d670e452a1310">
            <label>16</label>
            <mixed-citation id="d670e459" publication-type="book">
A.B. Xuma Papers (AD843: Department of
Historical Papers, University of the Witwaters-
rand Library).<person-group>
                  <string-name xmlns:xlink="http://www.w3.org/1999/xlink">
                     <surname>A.B.</surname>
                  </string-name>
               </person-group>
               <source>Xuma Papers</source>
            </mixed-citation>
         </ref>
         <ref id="d670e484a1310">
            <label>17</label>
            <mixed-citation id="d670e491" publication-type="book">
Ibid.  </mixed-citation>
         </ref>
      </ref-list>
      <ref-list>
         <title>References</title>
         <ref id="d670e509a1310">
            <mixed-citation id="d670e513" publication-type="other">
Beusen, Tommy. 1986. Author's interview, London, 28 April</mixed-citation>
         </ref>
         <ref id="d670e520a1310">
            <mixed-citation id="d670e524" publication-type="book">
Bozzoli, Belinda (ed.). 1983. Town and Countryside in the Transvaal (Johannesburg)<person-group>
                  <string-name xmlns:xlink="http://www.w3.org/1999/xlink">
                     <surname>Bozzoli</surname>
                  </string-name>
               </person-group>
               <source>Town and Countryside in the Transvaal</source>
               <year>1983</year>
            </mixed-citation>
         </ref>
         <ref id="d670e546a1310">
            <mixed-citation id="d670e552" publication-type="journal">
Coplan, David. 1979-80. 'Marabi culture: continuity and transformation in African music', African Urban
Studies, 6, Winter<person-group>
                  <string-name xmlns:xlink="http://www.w3.org/1999/xlink">
                     <surname>Coplan</surname>
                  </string-name>
               </person-group>
               <issue>Winter</issue>
               <volume>6</volume>
               <source>African Urban Studies</source>
               <year>1980</year>
            </mixed-citation>
            <mixed-citation id="d670e583" publication-type="other">
---, 1980. The Urbanization of African Performing Arts in South Africa, Ph.D. dissertation, Indiana University</mixed-citation>
            <mixed-citation id="d670e589" publication-type="book">
---, 1982. 'The emergence of African working-class culture', in Industrialisation and Social Change in South
Africa, ed. Shula Marks and Richard Rathbone (London)<person-group>
                  <string-name xmlns:xlink="http://www.w3.org/1999/xlink">
                     <surname>Coplan</surname>
                  </string-name>
               </person-group>
               <comment content-type="section">The emergence of African working-class culture</comment>
               <source>Industrialisation and Social Change in South Africa</source>
               <year>1982</year>
            </mixed-citation>
         </ref>
         <ref id="d670e618a1310">
            <mixed-citation id="d670e622" publication-type="book">
Couzens, Tim. 1979. 'Nobody's baby: Modikwe Dikobe and Alexandra 1942-6', in Labour, Townships and
Protest, ed. Belinda Bozzoli (Johannesburg)<person-group>
                  <string-name xmlns:xlink="http://www.w3.org/1999/xlink">
                     <surname>Couzens</surname>
                  </string-name>
               </person-group>
               <comment content-type="section">Nobody's baby: Modikwe Dikobe and Alexandra 1942-6</comment>
               <source>Labour, Townships and Protest</source>
               <year>1979</year>
            </mixed-citation>
            <mixed-citation id="d670e650" publication-type="book">
---, 1985. The New African: A Study of the Life and Work of H.I.E. Dhlomo (Johannesburg)<person-group>
                  <string-name xmlns:xlink="http://www.w3.org/1999/xlink">
                     <surname>Couzens</surname>
                  </string-name>
               </person-group>
               <source>The New African: A Study of the Life and Work of H.I.E. Dhlomo</source>
               <year>1985</year>
            </mixed-citation>
         </ref>
         <ref id="d670e673a1310">
            <mixed-citation id="d670e677" publication-type="conference">
Erlmann, Veit. 1986. 'A feeling of prejudice: Orpheus McAdoo and the Jubilee singers in South Africa,
1890-1898', paper given at the African Studies Institute of the University of the Witwatersrand, 25
August<person-group>
                  <string-name xmlns:xlink="http://www.w3.org/1999/xlink">
                     <surname>Erlmann</surname>
                  </string-name>
               </person-group>
               <comment content-type="section">A feeling of prejudice: Orpheus McAdoo and the Jubilee singers in South Africa, 1890-1898</comment>
               <source>African Studies Institute of the University of the Witwatersrand</source>
               <year>1986</year>
            </mixed-citation>
            <mixed-citation id="d670e708" publication-type="other">
---, 1987. 'African popular music in Durban, 1913-1939', unpublished manuscript</mixed-citation>
         </ref>
         <ref id="d670e715a1310">
            <mixed-citation id="d670e719" publication-type="book">
Hellmann, Ellen. 1948. Rooiyard: A Sociological Survey of an Urban Native Slumyard (Cape Town)<person-group>
                  <string-name xmlns:xlink="http://www.w3.org/1999/xlink">
                     <surname>Hellmann</surname>
                  </string-name>
               </person-group>
               <source>Rooiyard: A Sociological Survey of an Urban Native Slumyard</source>
               <year>1948</year>
            </mixed-citation>
         </ref>
         <ref id="d670e741a1310">
            <mixed-citation id="d670e745" publication-type="book">
Kubik, Gerhard. 1974. The Kachamba Brother's Band: A Study of Neo-traditional Music in Malawi, Zambian
Papers (University of Zambia)<person-group>
                  <string-name xmlns:xlink="http://www.w3.org/1999/xlink">
                     <surname>Kubik</surname>
                  </string-name>
               </person-group>
               <source>The Kachamba Brother's Band: A Study of Neo-traditional Music in Malawi</source>
               <year>1974</year>
            </mixed-citation>
         </ref>
         <ref id="d670e770a1310">
            <mixed-citation id="d670e774" publication-type="other">
Maile, Sam. 1985. Author's interview, Johannesburg, 28 September</mixed-citation>
         </ref>
         <ref id="d670e781a1310">
            <mixed-citation id="d670e785" publication-type="other">
Makhanya, Lindi. 1987. Author's interview (with Veit Erlmann), Soweto, 13 February</mixed-citation>
            <mixed-citation id="d670e791" publication-type="book">
Marks, Shula and Rathbone, Richard (eds). 1982. Industrialisation and Social Change in South Africa
(London)<person-group>
                  <string-name xmlns:xlink="http://www.w3.org/1999/xlink">
                     <surname>Marks</surname>
                  </string-name>
               </person-group>
               <source>Industrialisation and Social Change in South Africa</source>
               <year>1982</year>
            </mixed-citation>
         </ref>
         <ref id="d670e816a1310">
            <mixed-citation id="d670e820" publication-type="journal">
Matshikiza, Todd. 1951. 'Twenty years of jazz', Drum, December<person-group>
                  <string-name xmlns:xlink="http://www.w3.org/1999/xlink">
                     <surname>Matshikiza</surname>
                  </string-name>
               </person-group>
               <issue>December</issue>
               <source>Drum</source>
               <year>1951</year>
            </mixed-citation>
         </ref>
         <ref id="d670e846a1310">
            <mixed-citation id="d670e850" publication-type="book">
Mphahlele, Es'kia. 1959. Down Second Avenue (London)<person-group>
                  <string-name xmlns:xlink="http://www.w3.org/1999/xlink">
                     <surname>Mphahlele</surname>
                  </string-name>
               </person-group>
               <source>Down Second Avenue</source>
               <year>1959</year>
            </mixed-citation>
         </ref>
         <ref id="d670e872a1310">
            <mixed-citation id="d670e876" publication-type="book">
Phillips, Ray. n.d. The Bantu in the City (Lovedale, South Africa)<person-group>
                  <string-name xmlns:xlink="http://www.w3.org/1999/xlink">
                     <surname>Phillips</surname>
                  </string-name>
               </person-group>
               <source>The Bantu in the City</source>
            </mixed-citation>
         </ref>
         <ref id="d670e895a1310">
            <mixed-citation id="d670e899" publication-type="other">
Piliso, Ntemi. 1984. Author's interview, Johannesburg, 24 January</mixed-citation>
            <mixed-citation id="d670e905" publication-type="other">
1985. Author's interview, Johannesburg, 26 July</mixed-citation>
         </ref>
         <ref id="d670e912a1310">
            <mixed-citation id="d670e916" publication-type="other">
Pretorius, Marjorie. 1987. Author's interview, Johannesburg, 18 October</mixed-citation>
         </ref>
         <ref id="d670e923a1310">
            <mixed-citation id="d670e927" publication-type="other">
Quaker, Dale. 1986. Author's interview, Johannesburg, 10 October</mixed-citation>
         </ref>
         <ref id="d670e934a1310">
            <mixed-citation id="d670e938" publication-type="journal">
Radebe, Mark. 1932. 'Bantu national music', UWB, 9 July<person-group>
                  <string-name xmlns:xlink="http://www.w3.org/1999/xlink">
                     <surname>Radebe</surname>
                  </string-name>
               </person-group>
               <issue>9 July</issue>
               <source>UWB</source>
               <year>1932</year>
            </mixed-citation>
         </ref>
         <ref id="d670e964a1310">
            <mixed-citation id="d670e968" publication-type="other">
Rezant, Peter. 1974. Interview by Tim Couzens, Johannesburg, 30 December</mixed-citation>
            <mixed-citation id="d670e974" publication-type="other">
---, 1980. Interview by Eddie Koch, Johannesburg, 22 June</mixed-citation>
            <mixed-citation id="d670e980" publication-type="other">
---, 1984. Author's interview, Johannesburg, 3 June</mixed-citation>
            <mixed-citation id="d670e986" publication-type="other">
---, 1985. Author's interview, Johannesburg, 23 June</mixed-citation>
         </ref>
         <ref id="d670e993a1310">
            <mixed-citation id="d670e997" publication-type="other">
Silgee, Wilson. 1979a. Interview by Tim Couzens, Johannesburg, 15 March</mixed-citation>
            <mixed-citation id="d670e1003" publication-type="other">
---, 1979b. Interview by Eddie Koch, Johannesburg, 11 September</mixed-citation>
            <mixed-citation id="d670e1009" publication-type="other">
---, 1986. Interview by MEDU, Gaborone, July 1982, published in Rixaka, 3</mixed-citation>
         </ref>
         <ref id="d670e1016a1310">
            <mixed-citation id="d670e1020" publication-type="other">
Sililo, Edward. 1986. Author's interview, Johannesburg, 1 December</mixed-citation>
         </ref>
         <ref id="d670e1027a1310">
            <mixed-citation id="d670e1031" publication-type="journal">
Sole, Kelwyn. 1984. 'Black literature and performance: some notes on class and populism', South African
Labour Bulletin, 9/8, July<person-group>
                  <string-name xmlns:xlink="http://www.w3.org/1999/xlink">
                     <surname>Sole</surname>
                  </string-name>
               </person-group>
               <issue>July</issue>
               <volume>9</volume>
               <source>South African Labour Bulletin</source>
               <year>1984</year>
            </mixed-citation>
         </ref>
         <ref id="d670e1063a1310">
            <mixed-citation id="d670e1067" publication-type="book">
Tirro, Frank. 1979. Jazz: A History (London)<person-group>
                  <string-name xmlns:xlink="http://www.w3.org/1999/xlink">
                     <surname>Tirro</surname>
                  </string-name>
               </person-group>
               <source>Jazz: A History</source>
               <year>1979</year>
            </mixed-citation>
         </ref>
      </ref-list>
   </back>
</article>
