<article dtd-version="1.0" article-type="research-article">
   <front>
      <journal-meta>
         <journal-id xmlns:xlink="http://www.w3.org/1999/xlink" journal-id-type="jstor">popularmusic</journal-id>
         <journal-id xmlns:xlink="http://www.w3.org/1999/xlink" journal-id-type="jstor">j100590</journal-id>
         <journal-title-group xmlns:xlink="http://www.w3.org/1999/xlink">
            <journal-title>Popular Music</journal-title>
         </journal-title-group>
         <publisher>
            <publisher-name>Cambridge University Press</publisher-name>
         </publisher>
         <issn xmlns:xlink="http://www.w3.org/1999/xlink" pub-type="ppub">02611430</issn>
         <issn xmlns:xlink="http://www.w3.org/1999/xlink" pub-type="epub">14740095</issn>
      </journal-meta>
      <article-meta>
         <article-id xmlns:xlink="http://www.w3.org/1999/xlink" pub-id-type="jstor">853150</article-id>
         <title-group>
            <article-title>The Japanese Record Industry</article-title>
         </title-group>
         <contrib-group>
            <contrib contrib-type="author">
               <string-name xmlns:xlink="http://www.w3.org/1999/xlink">
                  <given-names>Kawabata</given-names>
                  <surname>Shigeru</surname>
               </string-name>
            </contrib>
         </contrib-group>
         <pub-date xmlns:xlink="http://www.w3.org/1999/xlink">
            <day>1</day>
            <month>10</month>
            <year>1991</year>
         </pub-date>
         <volume>10</volume>
         <issue>3</issue>
         <issue-id xmlns:xlink="http://www.w3.org/1999/xlink">i235377</issue-id>
         <fpage>327</fpage>
         <lpage>345</lpage>
         <page-range>327-345</page-range>
         <permissions>
            <copyright-statement>Copyright 1991 Cambridge University Press</copyright-statement>
         </permissions>
         <self-uri xmlns:xlink="http://www.w3.org/1999/xlink"
                   xlink:href="http://www.jstor.org/stable/853150"/>
         <custom-meta-group xmlns:xlink="http://www.w3.org/1999/xlink">
            <custom-meta>
               <meta-name>lang</meta-name>
               <meta-value>eng</meta-value>
            </custom-meta>
         </custom-meta-group>
      </article-meta>
   </front>
   <back>
      <ref-list>
         <title>Endnotes</title>
         <ref id="d10348e114a1310">
            <label>1</label>
            <mixed-citation id="d10348e121" publication-type="book">
Original Confidence Co., The Original Confidence
Yearbook, 1990<person-group>
                  <string-name xmlns:xlink="http://www.w3.org/1999/xlink">
                     <surname>Original Confidence Co.</surname>
                  </string-name>
               </person-group>
               <source>The Original Confidence Yearbook</source>
               <year>1990</year>
            </mixed-citation>
         </ref>
         <ref id="d10348e146a1310">
            <label>2</label>
            <mixed-citation id="d10348e155" publication-type="book">
The Technical Trend of Sound Software
and Future Aspects of the Industry in July 1987<source>The Technical Trend of Sound Software and Future Aspects of the Industry</source>
               <year>1987</year>
            </mixed-citation>
         </ref>
         <ref id="d10348e171a1310">
            <label>3</label>
            <mixed-citation id="d10348e180" publication-type="journal">
Daily Record Information<source>Daily Record Information</source>
            </mixed-citation>
         </ref>
         <ref id="d10348e190a1310">
            <label>5</label>
            <mixed-citation id="d10348e197" publication-type="book">
The Present Situation of the Rental Record,
investigated in September 1990, by JPRA.<person-group>
                  <string-name xmlns:xlink="http://www.w3.org/1999/xlink">
                     <surname>JPRA</surname>
                  </string-name>
               </person-group>
               <source>The Present Situation of the Rental Record</source>
               <year>1990</year>
            </mixed-citation>
         </ref>
      </ref-list>
      <ref-list>
         <title>References</title>
         <ref id="d10348e231a1310">
            <mixed-citation id="d10348e235" publication-type="journal">
Asahi, 1990A. Asahi Shimbun (Tokyo), 1 April 1990.<person-group>
                  <string-name xmlns:xlink="http://www.w3.org/1999/xlink">
                     <surname>Asahi</surname>
                  </string-name>
               </person-group>
               <issue>1 April</issue>
               <source>Asahi Shimbun</source>
               <year>1990</year>
            </mixed-citation>
            <mixed-citation id="d10348e259" publication-type="journal">
1990B. 'MCA is purchased by 6 billion and 100 million dollars: Matsushita announced its agreement'
in Asahi Shimbun (Tokyo), 27 November 1990<issue>27 November</issue>
               <source>Asahi Shimbun</source>
               <year>1990</year>
            </mixed-citation>
         </ref>
         <ref id="d10348e278a1310">
            <mixed-citation id="d10348e282" publication-type="book">
JASRAC, 1989. Fifty-Year History of JASRAC (Tokyo)<person-group>
                  <string-name xmlns:xlink="http://www.w3.org/1999/xlink">
                     <surname>JASRAC</surname>
                  </string-name>
               </person-group>
               <source>Fifty-Year History of JASRAC</source>
               <year>1989</year>
            </mixed-citation>
         </ref>
         <ref id="d10348e304a1310">
            <mixed-citation id="d10348e308" publication-type="book">
JPRA, 1979-90. Japanese Record Industry (Tokyo), 1979-90 edition<person-group>
                  <string-name xmlns:xlink="http://www.w3.org/1999/xlink">
                     <surname>JPRA</surname>
                  </string-name>
               </person-group>
               <source>Japanese Record Industry</source>
               <year>1990</year>
            </mixed-citation>
         </ref>
         <ref id="d10348e330a1310">
            <mixed-citation id="d10348e334" publication-type="book">
JPRA, 1990, Japanese Record Industry (Tokyo)<person-group>
                  <string-name xmlns:xlink="http://www.w3.org/1999/xlink">
                     <surname>JPRA</surname>
                  </string-name>
               </person-group>
               <source>Japanese Record Industry</source>
               <year>1990</year>
            </mixed-citation>
         </ref>
         <ref id="d10348e357a1310">
            <mixed-citation id="d10348e361" publication-type="journal">
KIMURA Eiji, 1972. 'The situation and aspect of the record industry', in Stereo (Tokyo), February 1972
[Unrepresented Characters]<person-group>
                  <string-name xmlns:xlink="http://www.w3.org/1999/xlink">
                     <surname>Kimura</surname>
                  </string-name>
               </person-group>
               <issue>February</issue>
               <source>Stereo</source>
               <year>1972</year>
            </mixed-citation>
         </ref>
         <ref id="d10348e390a1310">
            <mixed-citation id="d10348e394" publication-type="conference">
NAKAMURA Ycisuke, 1990. 'Systemization of the commercial music and the third world', a paper
presented at the conference sponsored by the Japanese Association for the Study of Popular Music
(under formation) in November 1990 (Tokyo)
[Unrepresented Characters]<person-group>
                  <string-name xmlns:xlink="http://www.w3.org/1999/xlink">
                     <surname>Nakamura</surname>
                  </string-name>
               </person-group>
               <comment content-type="section">Systemization of the commercial music and the third world</comment>
               <source>Conference sponsored by the Japanese Association for the Study of Popular Music</source>
               <year>1990</year>
            </mixed-citation>
         </ref>
         <ref id="d10348e429a1310">
            <mixed-citation id="d10348e433" publication-type="book">
NVMI, 1979. Nippon Victor Music Industry Planning Dept. (ed.), Record and Music Tape: Marketing
Report (Tokyo)<person-group>
                  <string-name xmlns:xlink="http://www.w3.org/1999/xlink">
                     <surname>NVMI</surname>
                  </string-name>
               </person-group>
               <source>Record and Music Tape: Marketing Report</source>
               <year>1979</year>
            </mixed-citation>
         </ref>
         <ref id="d10348e458a1310">
            <mixed-citation id="d10348e462" publication-type="book">
RIAA, 1977. The Recording Industry Association of America, Inc., Business Report in 1977 (New York)<person-group>
                  <string-name xmlns:xlink="http://www.w3.org/1999/xlink">
                     <surname>RIAA</surname>
                  </string-name>
               </person-group>
               <source>Business Report in 1977</source>
               <year>1977</year>
            </mixed-citation>
         </ref>
         <ref id="d10348e484a1310">
            <mixed-citation id="d10348e488" publication-type="journal">
Sankei, 1978, 'The record industry at the turning point' in Sankei Shimbun (Tokyo), 5 July 1978
[Unrepresented Characters]<person-group>
                  <string-name xmlns:xlink="http://www.w3.org/1999/xlink">
                     <surname>Sankei</surname>
                  </string-name>
               </person-group>
               <issue>5 July</issue>
               <source>Sankei Shimbun</source>
               <year>1978</year>
            </mixed-citation>
         </ref>
         <ref id="d10348e517a1310">
            <mixed-citation id="d10348e521" publication-type="book">
SONOBE Saburo, 1962, Thoughts on the History of the Songs of the Japanese People (Tokyo). Reprint 1980, p. 7
[Unrepresented Characters]<person-group>
                  <string-name xmlns:xlink="http://www.w3.org/1999/xlink">
                     <surname>Sonobe</surname>
                  </string-name>
               </person-group>
               <fpage>7</fpage>
               <source>Thoughts on the History of the Songs of the Japanese People</source>
               <year>1962</year>
            </mixed-citation>
         </ref>
         <ref id="d10348e551a1310">
            <mixed-citation id="d10348e555" publication-type="book">
TAKECHI Tetsuji &amp; TOMIOKA Taeko, 1988. What is the Traditional Art? (Tokyo)
[Unrepresented Characters]<person-group>
                  <string-name xmlns:xlink="http://www.w3.org/1999/xlink">
                     <surname>Tetsuji</surname>
                  </string-name>
               </person-group>
               <source>What is the Traditional Art?</source>
               <year>1988</year>
            </mixed-citation>
         </ref>
         <ref id="d10348e580a1310">
            <mixed-citation id="d10348e584" publication-type="book">
YAMAZAKI Masakazu, 1990. 'The Ups and Downs of Intelligence' in Japanese Culture and Individualism
(Tokyo)<person-group>
                  <string-name xmlns:xlink="http://www.w3.org/1999/xlink">
                     <surname>Yamazaki</surname>
                  </string-name>
               </person-group>
               <comment content-type="section">The Ups and Downs of Intelligence</comment>
               <source>Japanese Culture and Individualism</source>
               <year>1990</year>
            </mixed-citation>
         </ref>
      </ref-list>
   </back>
</article>
