<article dtd-version="1.0" article-type="research-article">
   <front>
      <journal-meta>
         <journal-id xmlns:xlink="http://www.w3.org/1999/xlink" journal-id-type="jstor">popularmusic</journal-id>
         <journal-id xmlns:xlink="http://www.w3.org/1999/xlink" journal-id-type="jstor">j100590</journal-id>
         <journal-title-group xmlns:xlink="http://www.w3.org/1999/xlink">
            <journal-title>Popular Music</journal-title>
         </journal-title-group>
         <publisher>
            <publisher-name>Cambridge University Press</publisher-name>
         </publisher>
         <issn xmlns:xlink="http://www.w3.org/1999/xlink" pub-type="ppub">02611430</issn>
         <issn xmlns:xlink="http://www.w3.org/1999/xlink" pub-type="epub">14740095</issn>
      </journal-meta>
      <article-meta>
         <article-id xmlns:xlink="http://www.w3.org/1999/xlink" pub-id-type="jstor">853283</article-id>
         <title-group>
            <article-title>Count Basie and the Piano That Swings the Band</article-title>
         </title-group>
         <contrib-group>
            <contrib contrib-type="author">
               <string-name xmlns:xlink="http://www.w3.org/1999/xlink">
                  <given-names>Mark</given-names>
                  <surname>Tucker</surname>
               </string-name>
            </contrib>
         </contrib-group>
         <pub-date xmlns:xlink="http://www.w3.org/1999/xlink">
            <day>1</day>
            <month>1</month>
            <year>1985</year>
         </pub-date>
         <volume>5</volume>
         <issue-id xmlns:xlink="http://www.w3.org/1999/xlink">i235363</issue-id>
         <fpage>45</fpage>
         <lpage>79</lpage>
         <page-range>45-79</page-range>
         <permissions>
            <copyright-statement>Copyright 1985 Cambridge University Press</copyright-statement>
         </permissions>
         <self-uri xmlns:xlink="http://www.w3.org/1999/xlink"
                   xlink:href="http://www.jstor.org/stable/853283"/>
         <custom-meta-group xmlns:xlink="http://www.w3.org/1999/xlink">
            <custom-meta>
               <meta-name>lang</meta-name>
               <meta-value>eng</meta-value>
            </custom-meta>
         </custom-meta-group>
      </article-meta>
   </front>
   <back>
      <ref-list>
         <title>References</title>
         <ref id="d4532e132a1310">
            <label>*</label>
            <mixed-citation id="d4532e141" publication-type="other">
Russell 1971,
chapters 7-8</mixed-citation>
            <mixed-citation id="d4532e150" publication-type="book">
Bennie Moten, Walter Page's Blue
Devils, Alphonse Trent, Troy Floyd, Jesse Stone, George Lee and others (1968, pp.
279-317)<person-group>
                  <string-name xmlns:xlink="http://www.w3.org/1999/xlink">
                     <surname>Moten</surname>
                  </string-name>
               </person-group>
               <fpage>279</fpage>
               <source>Walter Page's Blue Devils</source>
               <year>1968</year>
            </mixed-citation>
         </ref>
         <ref id="d4532e182a1310">
            <label>*</label>
            <mixed-citation id="d4532e189" publication-type="other">
Russell 1971, p. 136</mixed-citation>
         </ref>
         <ref id="d4532e196a1310">
            <label>t</label>
            <mixed-citation id="d4532e205" publication-type="other">
Willie Lewis (1968, p. 296)</mixed-citation>
            <mixed-citation id="d4532e211" publication-type="other">
Russell (1971, p. 88)</mixed-citation>
            <mixed-citation id="d4532e218" publication-type="other">
Moten's 'The Jones Law Blues' (piano
solo, bar 6)</mixed-citation>
            <mixed-citation id="d4532e227" publication-type="other">
Doggin' Around' (1938)</mixed-citation>
            <mixed-citation id="d4532e233" publication-type="other">
Taxi War Dance'
(1939)</mixed-citation>
         </ref>
         <ref id="d4532e243a1310">
            <label>*</label>
            <mixed-citation id="d4532e250" publication-type="book">
Nonetheless, both Charles Delauney in New Hot Discography (New York 1948)<person-group>
                  <string-name xmlns:xlink="http://www.w3.org/1999/xlink">
                     <surname>Nonetheless</surname>
                  </string-name>
               </person-group>
               <source>New Hot Discography</source>
               <year>1948</year>
            </mixed-citation>
            <mixed-citation id="d4532e271" publication-type="other">
Brian Rust in Jazz Records, 4th Revised and Enlarged edition (New Rochelle 1978)</mixed-citation>
         </ref>
         <ref id="d4532e279a1310">
            <label>*</label>
            <mixed-citation id="d4532e286" publication-type="other">
Shapiro and Hentoff 1955, p. 355</mixed-citation>
         </ref>
         <ref id="d4532e293a1310">
            <label>*</label>
            <mixed-citation id="d4532e300" publication-type="other">
film, 'Basie Boogie'</mixed-citation>
         </ref>
      </ref-list>
   </back>
</article>
