<article xmlns:xsi="http://www.w3.org/2001/XMLSchema-instance"
         xmlns:xlink="http://www.w3.org/1999/xlink"
         xmlns:mml="http://www.w3.org/1998/Math/MathML"
         dtd-version="1.0"
         article-type="research-article">
   <front>
      <journal-meta>
         <journal-id journal-id-type="jstor">popularmusic</journal-id>
         <journal-id journal-id-type="jstor">j100590</journal-id>
         <journal-title-group>
            <journal-title>Popular Music</journal-title>
         </journal-title-group>
         <publisher>
            <publisher-name>Cambridge University Press</publisher-name>
         </publisher>
         <issn pub-type="ppub">02611430</issn>
         <issn pub-type="epub">14740095</issn>
      </journal-meta>
      <article-meta>
         <article-id pub-id-type="jstor">853358</article-id>
         <article-categories>
            <subj-group>
               <subject>Part 2. Audiences and Musical Tastes</subject>
            </subj-group>
         </article-categories>
         <title-group>
            <article-title>Trends and Taste in Japanese Popular Music: A Case-Study of the 1982 Yamaha World Popular Music Festival</article-title>
         </title-group>
         <contrib-group>
            <contrib contrib-type="author">
               <string-name>
                  <given-names>Judith Ann</given-names>
                  <surname>Herd</surname>
               </string-name>
            </contrib>
         </contrib-group>
         <pub-date>
            <day>1</day>
            <month>1</month>
            <year>1984</year>
         </pub-date>
         <volume>4</volume>
         <issue-id>i235362</issue-id>
         <fpage>75</fpage>
         <lpage>96</lpage>
         <page-range>75-96</page-range>
         <permissions>
            <copyright-statement>Copyright 1984 Cambridge University Press</copyright-statement>
         </permissions>
         <self-uri xlink:href="http://www.jstor.org/stable/853358"/>
         <custom-meta-group>
            <custom-meta>
               <meta-name>lang</meta-name>
               <meta-value>eng</meta-value>
            </custom-meta>
         </custom-meta-group>
      </article-meta>
   </front>
   <back>
      <fn-group>
         <title>[Footnotes]</title>
         <fn id="d11022e199a1310">
            <label>*</label>
            <p>
               <mixed-citation id="d11022e206" publication-type="book">
NHK 1982, p. 629  <fpage>629</fpage>
               </mixed-citation>
            </p>
         </fn>
         <fn id="d11022e218a1310">
            <label>*</label>
            <p>
               <mixed-citation id="d11022e227" publication-type="book">
NHK 1982,
pp. 70-1, 78  <fpage>70</fpage>
               </mixed-citation>
            </p>
         </fn>
         <fn id="d11022e242a1310">
            <label>*</label>
            <p>
               <mixed-citation id="d11022e249" publication-type="other">
Table 1, p. 93</mixed-citation>
            </p>
         </fn>
      </fn-group>
      <ref-list>
         <title>Bibliography</title>
         <ref id="d11022e265a1310">
            <mixed-citation id="d11022e269" publication-type="journal">
'Bertucci, Asuka win Grand Prix awards in World Song Festival', The Japan
Times, 1 November 1982<issue>1 November</issue>
               <source>The Japan Times</source>
               <year>1982</year>
            </mixed-citation>
         </ref>
         <ref id="d11022e288a1310">
            <mixed-citation id="d11022e292" publication-type="journal">
'Bijin kashu kusetsu jinen: Sekai kayōsai yfsh6 no Anne Bertucci' (After ten
years of hardship, the beautiful woman finally is a star vocalist: the World
Song Festival award winner, Anne Bertucci), Focus, 12 November 1982,
pp. 12-13<issue>12 November</issue>
               <fpage>12</fpage>
               <source>Focus</source>
               <year>1982</year>
            </mixed-citation>
         </ref>
         <ref id="d11022e321a1310">
            <mixed-citation id="d11022e325" publication-type="journal">
Booth, W. 1983. 'I touched Matsuda Seiko's boots', Tokyo Journal, 1 February
1983, p. 5<person-group>
                  <string-name>
                     <surname>Booth</surname>
                  </string-name>
               </person-group>
               <issue>1 February</issue>
               <fpage>5</fpage>
               <source>Tokyo Journal</source>
            </mixed-citation>
         </ref>
         <ref id="d11022e354a1310">
            <mixed-citation id="d11022e358" publication-type="book">
Creating Music for Tomorrow: Yamaha's Music Activities. 1982. (Tokyo)<source>Creating Music for Tomorrow: Yamaha's Music Activities</source>
               <year>1982</year>
            </mixed-citation>
         </ref>
         <ref id="d11022e372a1310">
            <mixed-citation id="d11022e376" publication-type="book">
Dai-jūsan-kai sekai kayōsai (The Thirteenth World Popular Song Festival). 1982.
(Tokyo)<source>Dai-jūsan-kai sekai kayōsai (The Thirteenth World Popular Song Festival</source>
               <year>1982</year>
            </mixed-citation>
         </ref>
         <ref id="d11022e392a1310">
            <mixed-citation id="d11022e396" publication-type="journal">
Gold, S. 'Yamaha's 'non-rock' song festival', in 'Music beat: raves and waves',
Mainichi Daily News, 6 November 1982<person-group>
                  <string-name>
                     <surname>Gold</surname>
                  </string-name>
               </person-group>
               <issue>6 November</issue>
               <source>Mainichi Daily News</source>
               <year>1982</year>
            </mixed-citation>
         </ref>
         <ref id="d11022e425a1310">
            <mixed-citation id="d11022e429" publication-type="journal">
Kayōkyoku (Tokyo). This is a monthly magazine concerning popular music in
Japan<source>Kayōkyoku</source>
            </mixed-citation>
         </ref>
         <ref id="d11022e442a1310">
            <mixed-citation id="d11022e446" publication-type="book">
Komota N., Shimada H., Yazawa T. and Yokozawa C. 1980. Nihon ryakōka-shi
(Sengo-hen) (A History of Japanese Popular Songs: Post-war) (Tokyo)<person-group>
                  <string-name>
                     <surname>Komota</surname>
                  </string-name>
               </person-group>
               <source>Nihon ryakōka-shi (Sengo-hen) (A History of Japanese Popular Songs: Post-war)</source>
               <year>1980</year>
            </mixed-citation>
         </ref>
         <ref id="d11022e471a1310">
            <mixed-citation id="d11022e475" publication-type="book">
Mita M. 1967. Kindai Nihon no shinjō no rekishi: Ryakōka no shakai shinri-shi (A
History of Sentiment in Modern Japan: the Social Psychology of Popular
Songs) (Tokyo)<person-group>
                  <string-name>
                     <surname>Mita</surname>
                  </string-name>
               </person-group>
               <source>Kindai Nihon no shinjō no rekishi: Ryakōka no shakai shinri-shi (A History of Sentiment in Modern Japan: the Social Psychology of Popular Songs)</source>
               <year>1967</year>
            </mixed-citation>
         </ref>
         <ref id="d11022e504a1310">
            <mixed-citation id="d11022e508" publication-type="journal">
Nagashima H. 1982. 'Karaoke sounds good, to manufacturers at least', The
Japan Times, 11 July 1982<person-group>
                  <string-name>
                     <surname>Nagashima</surname>
                  </string-name>
               </person-group>
               <issue>11 July</issue>
               <source>The Japan Times</source>
               <year>1982</year>
            </mixed-citation>
         </ref>
         <ref id="d11022e538a1310">
            <mixed-citation id="d11022e542" publication-type="book">
NHK hōsō seron chōsa shohen (The Public Opinion Survey Committee of the
Japan Broadcasting Corporation). 1982. Gendai-jin to ongaku (Modern Man
and Music) (Tokyo)<person-group>
                  <string-name>
                     <surname>NHK hōsō seron chosa shohen (The Public Opinion Survey Committee of the Japan Broadcasting Corporation</surname>
                  </string-name>
               </person-group>
               <source>Gendai-jin to ongaku (Modern Man and Music)</source>
               <year>1982</year>
            </mixed-citation>
         </ref>
         <ref id="d11022e571a1310">
            <mixed-citation id="d11022e575" publication-type="book">
Nihon kayō dai zenshū (A Complete Collection of Japanese Popular Songs). 1980.
(Tokyo)<source>Nihon kayō dai zenshū (A Complete Collection of Japanese Popular Songs)</source>
               <year>1980</year>
            </mixed-citation>
         </ref>
         <ref id="d11022e591a1310">
            <mixed-citation id="d11022e595" publication-type="book">
Okada M. 1982. 'Kayōkyoku', in Ongaku dai-jiten II (Tokyo), pp. 621-4<person-group>
                  <string-name>
                     <surname>Okada</surname>
                  </string-name>
               </person-group>
               <comment content-type="section">Kayōkyoku</comment>
               <fpage>621</fpage>
               <volume>II</volume>
               <source>Ongaku dai-jiten</source>
               <year>1982</year>
            </mixed-citation>
         </ref>
         <ref id="d11022e627a1310">
            <mixed-citation id="d11022e631" publication-type="journal">
'Popular song fest grand prix dominated by two songstresses', The Japan Times,
7 November 1982<issue>7 November</issue>
               <source>The Japan Times</source>
               <year>1982</year>
            </mixed-citation>
         </ref>
         <ref id="d11022e650a1310">
            <mixed-citation id="d11022e654" publication-type="book">
Sakamoto R. 1983. 'Nihon no rokku-shi wo saikentō suru' (A re-examination of
the history of rock in Japan), Marquee Moon (April), pp. 52-3<person-group>
                  <string-name>
                     <surname>Sakamoto</surname>
                  </string-name>
               </person-group>
               <comment content-type="section">Nihon no rokku-shi wo saikentō suru' (A re-examination of the history of rock in Japan)</comment>
               <fpage>52</fpage>
               <source>Marquee Moon</source>
               <year>1983</year>
            </mixed-citation>
         </ref>
         <ref id="d11022e686a1310">
            <mixed-citation id="d11022e690" publication-type="book">
Sonobe S., Yazawa T. and Shigeshita K. 1980. Nihon no ryūkōka: Sono miryoku to
ryūkō no shikumi (Japanese Popular Songs: Their Appeal and the Structure
of Their Popularity) (Tokyo)<person-group>
                  <string-name>
                     <surname>Sonobe</surname>
                  </string-name>
               </person-group>
               <source>Nihon no ryūkōka: Sono miryoku to ryūkō no shikumi (Japanese Popular Songs: Their Appeal and the Structure of Their Popularity)</source>
               <year>1980</year>
            </mixed-citation>
         </ref>
         <ref id="d11022e720a1310">
            <mixed-citation id="d11022e724" publication-type="journal">
Tokumaru Y. 1969. 'Kayōkyoku no sho-mondai' (A minor problem of Japanese
popular songs), Ongaku geijutsu, 27: 7 (July) pp. 18-23<person-group>
                  <string-name>
                     <surname>Tokumaru</surname>
                  </string-name>
               </person-group>
               <issue>7</issue>
               <fpage>18</fpage>
               <volume>27</volume>
               <source>Ongaku geijutsu</source>
               <year>1969</year>
            </mixed-citation>
         </ref>
         <ref id="d11022e759a1310">
            <mixed-citation id="d11022e763" publication-type="book">
World Popular Song Festival in Tokyo '82, the performances of the prizewinners of
the Thirteenth World Popular Song Festival, Tokyo, Yamaha Music
Foundation, STEREO 19-249/YL-8213<source>World Popular Song Festival in Tokyo '82</source>
            </mixed-citation>
         </ref>
         <ref id="d11022e779a1310">
            <mixed-citation id="d11022e783" publication-type="journal">
Yoi-ko no kayōkyoku (The Popular Songs of 'Good Kids') (Tokyo). This is a
monthly magazine concerning the popular songs of Japanese teenage
idols<source>Yoi-ko no kayōkyoku (The Popular Songs of 'Good Kids')</source>
            </mixed-citation>
         </ref>
      </ref-list>
   </back>
</article>
