<article dtd-version="1.0" article-type="research-article">
   <front>
      <journal-meta>
         <journal-id xmlns:xlink="http://www.w3.org/1999/xlink" journal-id-type="jstor">popularmusic</journal-id>
         <journal-id xmlns:xlink="http://www.w3.org/1999/xlink" journal-id-type="jstor">j100590</journal-id>
         <journal-title-group xmlns:xlink="http://www.w3.org/1999/xlink">
            <journal-title>Popular Music</journal-title>
         </journal-title-group>
         <publisher>
            <publisher-name>Cambridge University Press</publisher-name>
         </publisher>
         <issn xmlns:xlink="http://www.w3.org/1999/xlink" pub-type="ppub">02611430</issn>
         <issn xmlns:xlink="http://www.w3.org/1999/xlink" pub-type="epub">14740095</issn>
      </journal-meta>
      <article-meta>
         <article-id xmlns:xlink="http://www.w3.org/1999/xlink" pub-id-type="jstor">853453</article-id>
         <title-group>
            <article-title>Visualising 1950s Hits on Your Hit Parade</article-title>
         </title-group>
         <contrib-group>
            <contrib contrib-type="author">
               <string-name xmlns:xlink="http://www.w3.org/1999/xlink">
                  <given-names>Gary</given-names>
                  <surname>Burns</surname>
               </string-name>
            </contrib>
         </contrib-group>
         <pub-date xmlns:xlink="http://www.w3.org/1999/xlink">
            <day>1</day>
            <month>5</month>
            <year>1998</year>
         </pub-date>
         <volume>17</volume>
         <issue>2</issue>
         <issue-id xmlns:xlink="http://www.w3.org/1999/xlink">i235390</issue-id>
         <fpage>139</fpage>
         <lpage>152</lpage>
         <page-range>139-152</page-range>
         <permissions>
            <copyright-statement>Copyright 1998 Cambridge University Press</copyright-statement>
         </permissions>
         <self-uri xmlns:xlink="http://www.w3.org/1999/xlink"
                   xlink:href="http://www.jstor.org/stable/853453"/>
         <custom-meta-group xmlns:xlink="http://www.w3.org/1999/xlink">
            <custom-meta>
               <meta-name>lang</meta-name>
               <meta-value>eng</meta-value>
            </custom-meta>
         </custom-meta-group>
      </article-meta>
   </front>
   <back>
      <ref-list>
         <title>Endnotes</title>
         <ref id="d6733e215a1310">
            <label>1</label>
            <mixed-citation id="d6733e222" publication-type="conference">
Your Hit Parade:Not Quit video Presented at the conference of the University Flim and
Video Association, Philadelphia, 7 August
1993<comment content-type="section">your Hit Parade:Not Quit video</comment>
               <source>conference of the University Flim and Video Association, Philadelphia, 7 August 1993</source>
               <year>1993</year>
            </mixed-citation>
            <mixed-citation id="d6733e244" publication-type="conference">
paper
presented at the conference of the American
Culture Association, San Antonio, 28 March
1997<source>conference of the American Culture Association, San Antonio, 28 March 1997</source>
               <year>1997</year>
            </mixed-citation>
         </ref>
         <ref id="d6733e267a1310">
            <label>2</label>
            <mixed-citation id="d6733e274" publication-type="book">
Brooks
and Marsh (1979, pp. 698-9)  <fpage>698</fpage>
            </mixed-citation>
            <mixed-citation id="d6733e288" publication-type="book">
Sanjek (1988, pp.
165-6)  <fpage>165</fpage>
            </mixed-citation>
            <mixed-citation id="d6733e302" publication-type="book">
Eberly (1982, pp. 32-3, 125-31)  <fpage>32</fpage>
            </mixed-citation>
            <mixed-citation id="d6733e314" publication-type="other">
Sum-
mers (1958)</mixed-citation>
            <mixed-citation id="d6733e323" publication-type="journal">
New York Times radio lis-
tings for 1936<source>New York Times</source>
               <year>1936</year>
            </mixed-citation>
            <mixed-citation id="d6733e338" publication-type="other">
1937</mixed-citation>
            <mixed-citation id="d6733e344" publication-type="book">
Shaw (1974, pp. 66-
72)  <fpage>66</fpage>
            </mixed-citation>
            <mixed-citation id="d6733e358" publication-type="book">
Elrod (1977)  </mixed-citation>
            <mixed-citation id="d6733e366" publication-type="book">
Williams (1973)  </mixed-citation>
         </ref>
         <ref id="d6733e375a1310">
            <label>4</label>
            <mixed-citation id="d6733e382" publication-type="book">
Sanjek 1988, p. 443  <fpage>443</fpage>
            </mixed-citation>
            <mixed-citation id="d6733e393" publication-type="book">
Eberly
1982, p. 131  <fpage>131</fpage>
            </mixed-citation>
         </ref>
         <ref id="d6733e408a1310">
            <label>5</label>
            <mixed-citation id="d6733e415" publication-type="book">
Elrod (1994, p. 192)  <fpage>192</fpage>
            </mixed-citation>
         </ref>
         <ref id="d6733e428a1310">
            <label>7</label>
            <mixed-citation id="d6733e435" publication-type="other">
3 April 1954</mixed-citation>
         </ref>
         <ref id="d6733e442a1310">
            <label>8</label>
            <mixed-citation id="d6733e449" publication-type="journal">
Holmes (1989)  </mixed-citation>
         </ref>
         <ref id="d6733e458a1310">
            <label>9</label>
            <mixed-citation id="d6733e465" publication-type="other">
Frith (1987)</mixed-citation>
            <mixed-citation id="d6733e471" publication-type="book">
Burns (1988B)  </mixed-citation>
         </ref>
         <ref id="d6733e480a1310">
            <label>10</label>
            <mixed-citation id="d6733e487" publication-type="other">
Bums (1997)</mixed-citation>
         </ref>
         <ref id="d6733e494a1310">
            <label>11</label>
            <mixed-citation id="d6733e501" publication-type="book">
Brooks and Marsh (1979, pp.
333-4)  <fpage>333</fpage>
            </mixed-citation>
         </ref>
         <ref id="d6733e516a1310">
            <label>12</label>
            <mixed-citation id="d6733e523" publication-type="book">
Wolfe (1985)  </mixed-citation>
         </ref>
         <ref id="d6733e533a1310">
            <label>13</label>
            <mixed-citation id="d6733e540" publication-type="book">
Burns (1988A)  </mixed-citation>
            <mixed-citation id="d6733e548" publication-type="journal">
Burns and
Thompson (1987, pp. 11-14)  <fpage>11</fpage>
            </mixed-citation>
            <mixed-citation id="d6733e562" publication-type="other">
Berg
(1987)</mixed-citation>
         </ref>
      </ref-list>
      <ref-list>
         <title>References</title>
         <ref id="d6733e581a1310">
            <mixed-citation id="d6733e585" publication-type="journal">
Berg, C.M. 1987. 'Visualizing music: the archaeology of music video', One Two Three Four, 5, pp. 94-103<person-group>
                  <string-name xmlns:xlink="http://www.w3.org/1999/xlink">
                     <surname>Berg</surname>
                  </string-name>
               </person-group>
               <fpage>94</fpage>
               <volume>5</volume>
               <source>One Two Three Four</source>
               <year>1987</year>
            </mixed-citation>
         </ref>
         <ref id="d6733e614a1310">
            <mixed-citation id="d6733e618" publication-type="book">
Brooks, T. and Marsh, E. 1979. The Complete Directory to Prime Time Network TV Shows, 1946-Present (New
York)<person-group>
                  <string-name xmlns:xlink="http://www.w3.org/1999/xlink">
                     <surname>Brooks</surname>
                  </string-name>
               </person-group>
               <source>The Complete Directory to Prime Time Network TV Shows</source>
               <year>1979</year>
            </mixed-citation>
         </ref>
         <ref id="d6733e643a1310">
            <mixed-citation id="d6733e647" publication-type="journal">
Burns, G. 1988A. 'Dreams and mediation in music video', Wide Angle, 10:2, pp. 41-61<person-group>
                  <string-name xmlns:xlink="http://www.w3.org/1999/xlink">
                     <surname>Burns</surname>
                  </string-name>
               </person-group>
               <issue>2</issue>
               <fpage>41</fpage>
               <volume>10</volume>
               <source>Wide Angle</source>
               <year>1988</year>
            </mixed-citation>
            <mixed-citation id="d6733e678" publication-type="book">
1988B. 'Film and popular music', in Film and the Arts in Symbiosis: A Resource Guide, ed. G.R. Edgerton
(New York)<comment content-type="section">Film and popular music</comment>
               <source>Film and the Arts in Symbiosis: A Resource Guide</source>
               <year>1988</year>
            </mixed-citation>
         </ref>
         <ref id="d6733e697a1310">
            <mixed-citation id="d6733e701" publication-type="journal">
1997. 'Where the Action Is: Dick Clark's precursor to music video', Journal of Popular Film &amp; Television,
25:1, pp. 31-7.<person-group>
                  <string-name xmlns:xlink="http://www.w3.org/1999/xlink">
                     <surname>Burns</surname>
                  </string-name>
               </person-group>
               <issue>1</issue>
               <fpage>31</fpage>
               <volume>25</volume>
               <source>Journal of Popular Film &amp; Television</source>
               <year>1997</year>
            </mixed-citation>
         </ref>
         <ref id="d6733e737a1310">
            <mixed-citation id="d6733e741" publication-type="journal">
Burns, G. and Thompson, R. 1987. 'Music, television, and video: historical and aesthetic considerations'.
Popular Music and Society, 11:3, pp. 11-25<person-group>
                  <string-name xmlns:xlink="http://www.w3.org/1999/xlink">
                     <surname>Burns</surname>
                  </string-name>
               </person-group>
               <issue>3</issue>
               <fpage>11</fpage>
               <volume>11</volume>
               <source>Popular Music and Society</source>
               <year>1987</year>
            </mixed-citation>
         </ref>
         <ref id="d6733e776a1310">
            <mixed-citation id="d6733e780" publication-type="book">
Eberly, P.K. 1982. Music in the Air: America's Changing Tastes in Popular Music, 1920-1980 (New York)<person-group>
                  <string-name xmlns:xlink="http://www.w3.org/1999/xlink">
                     <surname>Eberly</surname>
                  </string-name>
               </person-group>
               <source>Music in the Air: America's Changing Tastes in Popular Music, 1920-1980</source>
               <year>1982</year>
            </mixed-citation>
         </ref>
         <ref id="d6733e802a1310">
            <mixed-citation id="d6733e806" publication-type="book">
Elrod, B.C. 1977. Your Hit Parade (Columbia, SC)<person-group>
                  <string-name xmlns:xlink="http://www.w3.org/1999/xlink">
                     <surname>Elrod</surname>
                  </string-name>
               </person-group>
               <source>Your Hit Parade</source>
               <year>1977</year>
            </mixed-citation>
         </ref>
         <ref id="d6733e828a1310">
            <mixed-citation id="d6733e832" publication-type="book">
1994. Your Hit Parade &amp; American Top Ten Hits, 4th edn. (Ann Arbor)<person-group>
                  <string-name xmlns:xlink="http://www.w3.org/1999/xlink">
                     <surname>Elrod</surname>
                  </string-name>
               </person-group>
               <edition>4</edition>
               <source>Your Hit Parade &amp; American Top Ten Hits</source>
               <year>1994</year>
            </mixed-citation>
         </ref>
         <ref id="d6733e857a1310">
            <mixed-citation id="d6733e861" publication-type="book">
Frith, S. 1987. 'The industrialization of popular music', in Popular Music and Communication, ed. J. Lull
(Newbury Park, CA), pp. 49-74<person-group>
                  <string-name xmlns:xlink="http://www.w3.org/1999/xlink">
                     <surname>Frith</surname>
                  </string-name>
               </person-group>
               <comment content-type="section">The industrialization of popular music</comment>
               <fpage>49</fpage>
               <source>Popular Music and Communication</source>
               <year>1987</year>
            </mixed-citation>
         </ref>
         <ref id="d6733e893a1310">
            <mixed-citation id="d6733e897" publication-type="book">
Gitlin, T. 1983. Inside Prime Time (New York)<person-group>
                  <string-name xmlns:xlink="http://www.w3.org/1999/xlink">
                     <surname>Gitlin</surname>
                  </string-name>
               </person-group>
               <source>Inside Prime Time</source>
               <year>1983</year>
            </mixed-citation>
         </ref>
         <ref id="d6733e920a1310">
            <mixed-citation id="d6733e924" publication-type="journal">
Hilmes, M. 1985. 'The television apparatus: direct address', Journal of Film and Video, 37:4, pp. 27-36<person-group>
                  <string-name xmlns:xlink="http://www.w3.org/1999/xlink">
                     <surname>Hilmes</surname>
                  </string-name>
               </person-group>
               <issue>4</issue>
               <fpage>27</fpage>
               <volume>37</volume>
               <source>Journal of Film and Video</source>
               <year>1985</year>
            </mixed-citation>
         </ref>
         <ref id="d6733e956a1310">
            <mixed-citation id="d6733e960" publication-type="journal">
Holmes, J.R. 1989. 'The wizardry of Ozzie: breaking character in early television', Journal of Popular
Culture, 23:2, pp. 93-102<person-group>
                  <string-name xmlns:xlink="http://www.w3.org/1999/xlink">
                     <surname>Holmes</surname>
                  </string-name>
               </person-group>
               <issue>2</issue>
               <fpage>93</fpage>
               <volume>23</volume>
               <source>ournal of Popular Culture</source>
               <year>1989</year>
            </mixed-citation>
         </ref>
         <ref id="d6733e995a1310">
            <mixed-citation id="d6733e999" publication-type="book">
Sanjek, R. 1988. American Popular Music and Its Business: The First Four Hundred Years, Volume III: from
1900 to 1984 (New York)<person-group>
                  <string-name xmlns:xlink="http://www.w3.org/1999/xlink">
                     <surname>Sanjek</surname>
                  </string-name>
               </person-group>
               <volume>III</volume>
               <source>American Popular Music and Its Business: The First Four Hundred Years</source>
               <year>1988</year>
            </mixed-citation>
         </ref>
         <ref id="d6733e1028a1310">
            <mixed-citation id="d6733e1032" publication-type="book">
Shaw, A. 1974. The Rockin' '50s (New York)<person-group>
                  <string-name xmlns:xlink="http://www.w3.org/1999/xlink">
                     <surname>Shaw</surname>
                  </string-name>
               </person-group>
               <source>The Rockin' '50s</source>
               <year>1974</year>
            </mixed-citation>
         </ref>
         <ref id="d6733e1054a1310">
            <mixed-citation id="d6733e1058" publication-type="book">
Shore, M. 1984. The Rolling Stone Book of Rock Video (New York)<person-group>
                  <string-name xmlns:xlink="http://www.w3.org/1999/xlink">
                     <surname>Shore</surname>
                  </string-name>
               </person-group>
               <source>The Rolling Stone Book of Rock Video</source>
               <year>1984</year>
            </mixed-citation>
         </ref>
         <ref id="d6733e1080a1310">
            <mixed-citation id="d6733e1084" publication-type="book">
Summers, H.B. 1958. A Thirty-Year History of Programs Carried on National Radio Networks in the United
States 1926-1956 (Columbus, OH)<person-group>
                  <string-name xmlns:xlink="http://www.w3.org/1999/xlink">
                     <surname>Summers</surname>
                  </string-name>
               </person-group>
               <source>A Thirty-Year History of Programs Carried on National Radio Networks in the United States 1926-1956</source>
               <year>1958</year>
            </mixed-citation>
         </ref>
         <ref id="d6733e1110a1310">
            <mixed-citation id="d6733e1114" publication-type="book">
Williams, J.R. 1973. This Was 'Your Hit Parade' (Camden, ME)<person-group>
                  <string-name xmlns:xlink="http://www.w3.org/1999/xlink">
                     <surname>Williams</surname>
                  </string-name>
               </person-group>
               <source>his Was 'Your Hit Parade</source>
               <year>1973</year>
            </mixed-citation>
         </ref>
         <ref id="d6733e1136a1310">
            <mixed-citation id="d6733e1140" publication-type="book">
Wolfe, A.S. 1985. 'Pop on video: narrative modes in the visualisation of popular music on "Your Hit
Parade" and "Solid Gold"', in Popular Music Perspectives 2, ed. D. Horn (Goteborg), pp. 428-41<person-group>
                  <string-name xmlns:xlink="http://www.w3.org/1999/xlink">
                     <surname>Wolfe</surname>
                  </string-name>
               </person-group>
               <edition>2</edition>
               <comment content-type="section">Pop on video: narrative modes in the visualisation of popular music on "Your Hit Parade" and "Solid Gold</comment>
               <fpage>428</fpage>
               <source>Popular Music Perspectives</source>
               <year>1985</year>
            </mixed-citation>
         </ref>
      </ref-list>
   </back>
</article>
